ID de la Recette;Nom de recette;Quantité;Unité Usage;Item Inventaire;ID Item Inventaire
10001;RC COUV. 25Cl;0.500000;PIECE;[COUV. 25cl;10003
10003;RC PLAC. NAT FR;1.000000;PIECE;GENER. PLAC. NAT FR;10093
10004;RC PRIME FBOX;1.000000;PIECE;GENER.PRIME FUNBOX;10438
10005;RC PRIME BOX;1.000000;PIECE;GENER. PRIME BOX;10437
10006;RC SUCRE SACHET;0.330000;PIECE;SUCRE SACHET;10133
10009;RC BUN GRIS SUPER;1.000000;PIECE;BUN GRIS QMAX FRAIS;10384
10011;RC BOITE BOX;1.000000;PIECE;GENER MBOX  400PC;11083
10012;RC BUN BLANC Q-MAX;1.000000;PIECE;BUN BLC QMAX FRAIS;10385
10013;CHICKEN DIPS/10;1.000000;PIECE;PCK DIPS 7/10 15;11621
10013;CHICKEN DIPS/10;10.000000;PIECE;FF CHICKEN DIPS 2014;11314
10014;GIANT;1.000000;PIECE;BUN BLANC FRAIS;10905
10014;GIANT;1.000000;PIECE;CHE.CHEDDAR 17G;11383
10014;GIANT;2.000000;PIECE;PATTY 45GR;10344
10014;GIANT;1.000000;PIECE;PCK GIANT LUX 15;11577
10014;GIANT;1.000000;PIECE;COL GIANT BLANC;10026
10015;CHICK. DIPS/4;4.000000;PIECE;FF CHICKEN DIPS 2014;11314
10015;CHICK. DIPS/4;1.000000;PIECE;PCK DIPS4 15;11620
10016;CHICKEN WINGS;1.000000;PIECE;RINCE DOIGTS;10011
10016;CHICKEN WINGS;5.000000;PIECE;FF CHICKEN WINGS;10154
10016;CHICKEN WINGS;1.000000;PIECE;PCK WINGS/5 15 ;11622
10017;CHEESEBURGER;1.000000;PIECE;BUN BLANC FRAIS;10905
10017;CHEESEBURGER;1.000000;PIECE;HAMSLICES;10340
10017;CHEESEBURGER;1.000000;PIECE;PATTY 45GR;10344
10017;CHEESEBURGER;1.000000;PIECE;WRAP CHEESE 2015;11633
10018;HAMBURGER;1.000000;PIECE;WRAP HAM 2015;11632
10018;HAMBURGER;1.000000;PIECE;BUN BLANC FRAIS;10905
10018;HAMBURGER;1.000000;PIECE;PATTY 45GR;10344
10018;HAMBURGER;1.000000;PIECE;HAMSLICES;10340
10020;QUICK N TOAST ;1.000000;PIECE;PCK QN TOAST 16;11874
10020;QUICK N TOAST ;2.000000;PIECE;CHE.CHEDDAR 17G;11383
10020;QUICK N TOAST ;1.000000;PIECE;PATTY 120G HS16;11880
10020;QUICK N TOAST ;2.000000;PIECE;BACON CUIT FUME 13;11011
10020;QUICK N TOAST ;2.000000;PIECE;TOMATE SLICES 16;11868
10020;QUICK N TOAST ;2.000000;PIECE;BUN TOAST SURG;11387
10021;MAXI COKE;1.000000;PIECE;GOB.50cl _11;10597
10021;MAXI COKE;1.000000;PIECE;COUV.40/50CL 2014;11384
10021;MAXI COKE;1.000000;PIECE;PAILLE EMB RAYEE;11240
10022;MEDIUM COKE;1.000000;PIECE;COUV.40/50CL 2014;11384
10022;MEDIUM COKE;1.000000;PIECE;PAILLE EMB RAYEE;11240
10022;MEDIUM COKE;1.000000;PIECE;GOB.35cl_11;10543
10017;CHEESEBURGER;1.000000;PIECE;CHE.CHEDDAR 17G;11383
10023;SMALL COKE;1.000000;PIECE;PAILLE EMB RAYEE;11240
10023;SMALL COKE;1.000000;PIECE;GOB BIERE 8GR;10299
10023;SMALL COKE;1.000000;PIECE;COUV.40/50CL 2014;11384
10024;MAXI COKE LIGHT;1.000000;PIECE;COUV.40/50CL 2014;11384
10024;MAXI COKE LIGHT;1.000000;PIECE;PAILLE EMB RAYEE;11240
10024;MAXI COKE LIGHT;1.000000;PIECE;GOB.50cl _11;10597
10025;MEDIUM COKE LIGHT;1.000000;PIECE;COUV.40/50CL 2014;11384
10025;MEDIUM COKE LIGHT;1.000000;PIECE;PAILLE EMB RAYEE;11240
10025;MEDIUM COKE LIGHT;1.000000;PIECE;GOB.35cl_11;10543
10026;SMALL COKE LIGHT;1.000000;PIECE;GOB BIERE 8GR;10299
10026;SMALL COKE LIGHT;1.000000;PIECE;PAILLE EMB RAYEE;11240
10026;SMALL COKE LIGHT;1.000000;PIECE;COUV.40/50CL 2014;11384
10027;MAXI FANTA;1.000000;PIECE;GOB.50cl _11;10597
10027;MAXI FANTA;1.000000;PIECE;COUV.40/50CL 2014;11384
10027;MAXI FANTA;1.000000;PIECE;PAILLE EMB RAYEE;11240
10028;MEDIUM FANTA;1.000000;PIECE;COUV.40/50CL 2014;11384
10028;MEDIUM FANTA;1.000000;PIECE;PAILLE EMB RAYEE;11240
10028;MEDIUM FANTA;1.000000;PIECE;GOB.35cl_11;10543
10029;SMALL FANTA;1.000000;PIECE;GOB BIERE 8GR;10299
10029;SMALL FANTA;1.000000;PIECE;PAILLE EMB RAYEE;11240
10029;SMALL FANTA;1.000000;PIECE;COUV.40/50CL 2014;11384
10030;MAXI SPRITE;1.000000;PIECE;COUV.40/50CL 2014;11384
10030;MAXI SPRITE;1.000000;PIECE;GOB.50cl _11;10597
10030;MAXI SPRITE;1.000000;PIECE;PAILLE EMB RAYEE;11240
10031;MEDIUM SPRITE;1.000000;PIECE;COUV.40/50CL 2014;11384
10031;MEDIUM SPRITE;1.000000;PIECE;PAILLE EMB RAYEE;11240
10031;MEDIUM SPRITE;1.000000;PIECE;GOB.35cl_11;10543
10037;THE;1.000000;PIECE;SPECULOOS LOTUS;10240
10037;THE;1.000000;PIECE;[GOB. BOISS CHAUD_11;10541
10037;THE;1.000000;PIECE;MELANGEUR;10006
10037;THE;1.000000;PIECE;SUCRE SACHET;10133
10037;THE;1.000000;PIECE;LAIT DOSE;10107
10037;THE;1.000000;PIECE;[COUV. 25cl;10003
10037;THE;1.000000;PIECE;JUS CITRON;10092
10037;THE;1.000000;PIECE;[TEA PICKWICK ;10534
10038;CAPUCCINO;1.000000;PIECE;MELANGEUR;10006
10038;CAPUCCINO;1.000000;PIECE;SUCRE SACHET;10133
10038;CAPUCCINO;1.000000;PIECE;[GOB. BOISS CHAUD_11;10541
10038;CAPUCCINO;1.000000;PIECE;[COUV. 25cl;10003
10038;CAPUCCINO;1.000000;PIECE;SPECULOOS LOTUS;10240
10032;SMALL SPRITE;1.000000;PIECE;COUV.40/50CL 2014;11384
10033;BIERE 33CL;1.000000;PIECE;BIERE DIEKIRCH 33CL;10223
10033;BIERE 33CL;1.000000;PIECE;GOB BIERE 8GR;10299
10035;CAFE;1.000000;PIECE;[GOB. BOISS CHAUD_11;10541
10035;CAFE;1.000000;PIECE;MELANGEUR;10006
10035;CAFE;1.000000;PIECE;SUCRE SACHET;10133
10035;CAFE;1.000000;PIECE;LAIT DOSE;10107
10035;CAFE;1.000000;PIECE;[COUV. 25cl;10003
10035;CAFE;1.000000;PIECE;SPECULOOS LOTUS;10240
10032;SMALL SPRITE;1.000000;PIECE;GOB BIERE 8GR;10299
10032;SMALL SPRITE;1.000000;PIECE;PAILLE EMB RAYEE;11240
10039;EXPRESSO;1.000000;PIECE;MELANGEUR;10006
10039;EXPRESSO;1.000000;PIECE;[GOB. EXPRESSO_11;10542
10039;EXPRESSO;1.000000;PIECE;SUCRE SACHET;10133
10039;EXPRESSO;1.000000;PIECE;LAIT DOSE;10107
10039;EXPRESSO;1.000000;PIECE;SPECULOOS LOTUS;10240
10040;SOFTY ENFANT;1.000000;PIECE;CORNET GLACE 2014;11235
10042;DELICE CHOCOLAT;1.000000;PIECE;CUILLERE EMBAL.;10330
10042;DELICE CHOCOLAT;1.000000;PIECE;DELICE CHOCOLAT ;10252
10043;KING FISH;1.000000;PIECE;PATTY KING FISH MSC;10142
10043;KING FISH;1.000000;PIECE;CHE.CHEDDAR 17G;11383
10043;KING FISH;1.000000;PIECE;BUN BLANC FRAIS;10905
10043;KING FISH;1.000000;PIECE;PCK FISH MSC 15;11624
10044;SMALL FRITE;1.000000;PIECE;PCK FRITE SMALL 15;11546
10045;MEDIUM FRITE;1.000000;PIECE;PCK FRITE MED 15;11512
10047;SHK MED FRA-AARD ;1.000000;PIECE;COUV.40/50CL 2014;11384
10047;SHK MED FRA-AARD ;1.000000;PIECE;PAILLE EMB RAYEE;11240
10047;SHK MED FRA-AARD ;1.000000;PIECE;GOB BIERE 8GR;10299
10048;SHK MED VANILLE;1.000000;PIECE;COUV.40/50CL 2014;11384
10048;SHK MED VANILLE;1.000000;PIECE;PAILLE EMB RAYEE;11240
10048;SHK MED VANILLE;1.000000;PIECE;GOB BIERE 8GR;10299
10046;MAXI FRITE;1.000000;PIECE;PCK FRITE MAXI 15;11513
10050;SOFTY FRAISE-AARD;1.000000;PIECE;CUP SOFTY 2014;11272
10050;SOFTY FRAISE-AARD;1.000000;PIECE;CUILLERE EMBAL.;10330
10052;VIVA 33CL;1.000000;PIECE;VIVA 33CL;10253
10052;VIVA 33CL;1.000000;PIECE;GOB BIERE 8GR;10299
10053;VIVA 50CL;1.000000;PIECE;VIVA 50CL;10218
10053;VIVA 50CL;1.000000;PIECE;GOB BIERE 8GR;10299
10054;SHK MAXI FRA-AARD ;1.000000;PIECE;GOB.50cl _11;10597
10054;SHK MAXI FRA-AARD ;1.000000;PIECE;COUV.40/50CL 2014;11384
10054;SHK MAXI FRA-AARD ;1.000000;PIECE;PAILLE EMB RAYEE;11240
10051;SOFTY CHOCO;1.000000;PIECE;CUP SOFTY 2014;11272
10051;SOFTY CHOCO;1.000000;PIECE;COUV.SOFTY 2014;11271
10051;SOFTY CHOCO;1.000000;PIECE;CUILLERE EMBAL.;10330
10056;SHK MAXI VANILLE  ;1.000000;PIECE;GOB.50cl _11;10597
10056;SHK MAXI VANILLE  ;1.000000;PIECE;COUV.40/50CL 2014;11384
10056;SHK MAXI VANILLE  ;1.000000;PIECE;PAILLE EMB RAYEE;11240
10057;CHICKEN DIPS/7;1.000000;PIECE;PCK DIPS 7/10 15;11621
10057;CHICKEN DIPS/7;7.000000;PIECE;FF CHICKEN DIPS 2014;11314
10058;BROWNIE;1.000000;PIECE;[BROWNIE CHOCOLAT;10085
10058;BROWNIE;1.000000;PIECE;CAISSETTE GDE;10086
10050;SOFTY FRAISE-AARD;1.000000;PIECE;COUV.SOFTY 2014;11271
10060;MIX MANIA SMARTIES;1.000000;PIECE;COUV.MIX MANIA 2014;11270
10060;MIX MANIA SMARTIES;1.000000;PIECE;CUP MIX MANIA 15;11655
10060;MIX MANIA SMARTIES;1.000000;PIECE;CUILLERE EMBAL.;10330
10061;DONUT CHOCO;1.000000;PIECE;CAISSETTE GDE;10086
10061;DONUT CHOCO;1.000000;PIECE;[DONUT CHOCO;10207
10062;ANIMATION LUX;1.000000;PIECE;BIRTHDAY CAKE;10643
10062;ANIMATION LUX;1.000000;PIECE;CUILLERE EMBAL.;10330
10062;ANIMATION LUX;1.000000;PIECE;[BIRTHDAY SWEET QCKOS;10642
10063;CHURROS /5;1.000000;PIECE;PCK CHURROS 15;11619
10063;CHURROS /5;5.000000;PIECE;CHURROS;10277
10063;CHURROS /5;1.000000;PIECE;SUCRE IMPALPABLE 8GR;10359
10064;MIX MANIA LION ;1.000000;PIECE;CUP MIX MANIA 15;11655
10064;MIX MANIA LION ;1.000000;PIECE;CUILLERE EMBAL.;10330
10064;MIX MANIA LION ;1.000000;PIECE;COUV.MIX MANIA 2014;11270
10066;CHEESY BALLS/6;1.000000;PIECE;PCK FF CHEESY;10555
10066;CHEESY BALLS/6;6.000000;PIECE;CHEESY BALLS 2015;11481
10069;YAOURT FRAISE ;1.000000;PIECE;YAOURT FRAISE 15;11557
10069;YAOURT FRAISE ;1.000000;PIECE;CUILLERE EMBAL.;10330
10070;PDJ BAGEL BACON;1.000000;PIECE;[BAGEL BACON;10352
10070;PDJ BAGEL BACON;1.000000;PIECE;[WRAP x2 GD;10754
10088;GIANT MAX ;1.000000;PIECE;BUN BLC QMAX FRAIS;10385
10088;GIANT MAX ;2.000000;PIECE;[PATTY 60GR  ;10379
10088;GIANT MAX ;1.000000;PIECE;CHE.CHEDDAR 17G;11383
10089;BACON MAX;1.000000;PIECE;BUN GRIS QMAX FRAIS;10384
10089;BACON MAX;3.000000;PIECE;BACON CUIT FUME 13;11011
10089;BACON MAX;1.000000;PIECE;CHE.CHEDDAR 17G;11383
10089;BACON MAX;2.000000;PIECE;[PATTY 60GR  ;10379
10089;BACON MAX;1.000000;PIECE;[PCK BACON MAX 15;11651
10090;MINUTE MAID BTL 33CL;1.000000;PIECE;JUS MINUTE MAID 33CL;10121
10090;MINUTE MAID BTL 33CL;1.000000;PIECE;GOB BIERE 8GR;10299
10094;CROISSANT;1.000000;PIECE;[CROISSANT SURG;10275
10094;CROISSANT;1.000000;PIECE;[CUP BEURRE;10297
10094;CROISSANT;1.000000;PIECE;[CUP CONFITURE;10301
10094;CROISSANT;1.000000;PIECE;COUVERT KIT TRANSP;10336
10088;GIANT MAX ;1.000000;PIECE;[PCK GIANT MAX 15;11652
10096;SOFTY CARAMEL;1.000000;PIECE;CUILLERE EMBAL.;10330
10096;SOFTY CARAMEL;1.000000;PIECE;CUP SOFTY 2014;11272
10096;SOFTY CARAMEL;1.000000;PIECE;COUV.SOFTY 2014;11271
10097;CHICKEN FILET;1.000000;PIECE;BUN BLANC FRAIS;10905
10097;CHICKEN FILET;1.000000;PIECE;CHICKEN FILET CRISPY;10928
10097;CHICKEN FILET;1.000000;PIECE;[CHE.FONDU 12G 14;11386
10097;CHICKEN FILET;1.000000;PIECE;PCK CHICKEN FILET 15;11629
10098;BIERE CAN 50CL LUX;1.000000;PIECE;BIERE DIEKIRCH 50CL;10224
10098;BIERE CAN 50CL LUX;1.000000;PIECE;GOB BIERE 8GR;10299
10099;ROSPORT 50CL (PET);1.000000;PIECE;ROSPORT 50CL;10219
10099;ROSPORT 50CL (PET);1.000000;PIECE;GOB BIERE 8GR;10299
10100;SMALL COKE ZERO;1.000000;PIECE;COUV.40/50CL 2014;11384
10100;SMALL COKE ZERO;1.000000;PIECE;GOB BIERE 8GR;10299
10100;SMALL COKE ZERO;1.000000;PIECE;PAILLE EMB RAYEE;11240
10101;MEDIUM COKE ZERO;1.000000;PIECE;COUV.40/50CL 2014;11384
10101;MEDIUM COKE ZERO;1.000000;PIECE;PAILLE EMB RAYEE;11240
10101;MEDIUM COKE ZERO;1.000000;PIECE;GOB.35cl_11;10543
10103;GENER. MBOX;1.000000;PIECE;GENER. PRIME BOX;10437
10103;GENER. MBOX;1.000000;PIECE;GENER MBOX  400PC;11083
10104;BASE BDY CPL 5 ANS;1.000000;PIECE;[16BDY POCK SURPRISE;11866
10104;BASE BDY CPL 5 ANS;1.000000;PIECE;GENER. PRIME BOX;10437
10104;BASE BDY CPL 5 ANS;1.000000;PIECE;BDY SWEET QUICKOS ;11544
10104;BASE BDY CPL 5 ANS;1.000000;PIECE;BIRTHDAY CAKE;10643
10104;BASE BDY CPL 5 ANS;1.000000;PIECE;CUILLERE EMBAL.;10330
10104;BASE BDY CPL 5 ANS;1.000000;PIECE;PCK FRITE SMALL 15;11546
10104;BASE BDY CPL 5 ANS;1.000000;PIECE;16BDY CUP CAKES;11721
10104;BASE BDY CPL 5 ANS;1.000000;PIECE;ANNIF ASSIETTE CART.;10105
10104;BASE BDY CPL 5 ANS;0.100000;PIECE;16BDY KIT DECO C.CAKES;11730
10104;BASE BDY CPL 5 ANS;1.000000;PIECE;SEMELLE PATISSERIE;11722
10104;BASE BDY CPL 5 ANS;1.000000;PIECE;COUV.SOFTY 2014;11271
10105;BASE BDY CPL 8 ANS;1.000000;PIECE;ANNIF ASSIETTE CART.;10105
10105;BASE BDY CPL 8 ANS;0.100000;PIECE;16BDY KIT DECO C.CAKES;11730
10105;BASE BDY CPL 8 ANS;1.000000;PIECE;SEMELLE PATISSERIE;11722
10105;BASE BDY CPL 8 ANS;1.000000;PIECE;COUV.SOFTY 2014;11271
10105;BASE BDY CPL 8 ANS;1.000000;PIECE;16BDY CUP CAKES;11721
10105;BASE BDY CPL 8 ANS;1.000000;PIECE;BDY SWEET QUICKOS ;11544
10105;BASE BDY CPL 8 ANS;1.000000;PIECE;BIRTHDAY CAKE;10643
10105;BASE BDY CPL 8 ANS;1.000000;PIECE;CUILLERE EMBAL.;10330
10102;MAXI COKE ZERO;1.000000;PIECE;COUV.40/50CL 2014;11384
10102;MAXI COKE ZERO;1.000000;PIECE;GOB.50cl _11;10597
10102;MAXI COKE ZERO;1.000000;PIECE;PAILLE EMB RAYEE;11240
10105;BASE BDY CPL 8 ANS;1.000000;PIECE;PCK FRITE SMALL 15;11546
10105;BASE BDY CPL 8 ANS;1.000000;PIECE;GENER.PRIME FUNBOX;10438
10105;BASE BDY CPL 8 ANS;1.000000;PIECE;[16BDY POCK SURPRISE;11866
10108;GENER.FBOX;1.000000;PIECE;GENER.PRIME FUNBOX;10438
10108;GENER.FBOX;1.000000;PIECE;FUN BOX 2016;11828
10109;CHEESY BALLS/20;1.000000;PIECE;PCK FF QBOX 15;11626
10109;CHEESY BALLS/20;20.000000;PIECE;CHEESY BALLS 2015;11481
10116;SPA Pétillant (33cl);1.000000;PIECE;SPA BARISART 33CL ;10120
10116;SPA Pétillant (33cl);1.000000;PIECE;GOB BIERE 8GR;10299
10117;RC BUN BLANC;1.000000;PIECE;BUN BLANC FRAIS;10905
10119;RC BUN SUPR 2016;1.000000;PIECE;BUN SUPREME FRAIS16;11871
10125;SUPER RIBS;1.000000;PIECE;PCK SUPER RIBS ;10689
10125;SUPER RIBS;1.000000;PIECE;BUN GRIS QMAX FRAIS;10384
10125;SUPER RIBS;1.000000;PIECE;[PATTY RIBS SUPER ;10686
10125;SUPER RIBS;1.000000;PIECE;[CHE CHESTER 17GR ;10678
10130;RC BUN SUPREME;1.000000;PIECE;[BUN SUPREME FRAIS;10804
10131;MAXI NESTEA LEMON;1.000000;PIECE;GOB.50cl _11;10597
10131;MAXI NESTEA LEMON;1.000000;PIECE;COUV.40/50CL 2014;11384
10131;MAXI NESTEA LEMON;1.000000;PIECE;PAILLE EMB RAYEE;11240
10132;MEDIUM NESTEA LEMON;1.000000;PIECE;GOB.35cl_11;10543
10132;MEDIUM NESTEA LEMON;1.000000;PIECE;COUV.40/50CL 2014;11384
10132;MEDIUM NESTEA LEMON;1.000000;PIECE;PAILLE EMB RAYEE;11240
10133;SMALL NESTEA LEMON;1.000000;PIECE;GOB BIERE 8GR;10299
10133;SMALL NESTEA LEMON;1.000000;PIECE;COUV.40/50CL 2014;11384
10133;SMALL NESTEA LEMON;1.000000;PIECE;PAILLE EMB RAYEE;11240
10138;SUMMER BEEF;1.000000;PIECE;[BUN GRILLE SURG;10824
10138;SUMMER BEEF;1.000000;PIECE;[TOMATES COUPEES 660G;10343
10138;SUMMER BEEF;1.000000;PIECE;[CHE. FROM FON. 12GR;10265
10138;SUMMER BEEF;1.000000;PIECE;[PATTY 120GR  ;10374
10138;SUMMER BEEF;1.000000;PIECE;[PCK SUPR SUM BEEF;10832
10144;MIX MANIA;1.000000;PIECE;CUILLERE EMBAL.;10330
10144;MIX MANIA;1.000000;PIECE;[PCK MIX MANIA 1500p;10758
10146;SALAD CAESAR;1.000000;PIECE;COUVERT KIT TRANSP;10336
10146;SALAD CAESAR;1.000000;PIECE;[SALAD CAESAR PREPCK;10868
10146;SALAD CAESAR;1.000000;PIECE;CHICKEN FILET CRISPY;10928
10148;SALAD SIDE;1.000000;PIECE;COUVERT KIT TRANSP;10336
10148;SALAD SIDE;1.000000;PIECE;[SALAD SIDE PREPCKD ;10867
10149;XTRALONG GIANT ;1.000000;PIECE;[BUN XTRA LG FRAIS;11462
10149;XTRALONG GIANT ;3.000000;PIECE;PATTY 45GR;10344
10149;XTRALONG GIANT ;1.000000;PIECE;PCK XTRA LG RED;11460
10149;XTRALONG GIANT ;2.000000;PIECE;CHE.CHEDDAR 17G;11383
10151;CHEESY LEERDAM/10;10.000000;PIECE;[CHEESY LEERDAMMER;11143
10143;SOFTY CUP;1.000000;PIECE;CUILLERE EMBAL.;10330
10143;SOFTY CUP;1.000000;PIECE;[PCK SOFTY_11;10599
10151;CHEESY LEERDAM/10;1.000000;PIECE;[PCK FF QBOX 11 ;10403
10152;CHEESY LEERDAM/3 ;3.000000;PIECE;[CHEESY LEERDAMMER;11143
10152;CHEESY LEERDAM/3 ;1.000000;PIECE;PCK FF CHEESY;10555
10160;JUNIOR GIANT ;1.000000;PIECE;BUN BLANC FRAIS;10905
10160;JUNIOR GIANT ;1.000000;PIECE;PATTY 45GR;10344
10160;JUNIOR GIANT ;1.000000;PIECE;CHE.CHEDDAR 17G;11383
10160;JUNIOR GIANT ;1.000000;PIECE;[WRAP J.GIANT/HAM;11069
10161;CHEESY LVQR/20;20.000000;PIECE;CHEESY VACHE QUI RIT;10981
10161;CHEESY LVQR/20;1.000000;PIECE;[PCK FF QBOX 11 ;10403
10162;CHEESY LVQR/6;6.000000;PIECE;CHEESY VACHE QUI RIT;10981
10162;CHEESY LVQR/6;1.000000;PIECE;PCK FF CHEESY;10555
10167;DUO SALMON SALAD;1.000000;PIECE;[SALAD SALMON PREPCK;11064
10167;DUO SALMON SALAD;1.000000;PIECE;COUVERT KIT TRANSP;10336
10168;HOMER BURGER;1.000000;PIECE;[BUN DONUT DIEPV;11096
10168;HOMER BURGER;1.000000;PIECE;[CHE CHESTER 17GR ;10678
10168;HOMER BURGER;1.000000;PIECE;PCK SUPR LIM ED PINK;11034
10168;HOMER BURGER;1.000000;PIECE;[PATTY 100G FLOWER ;11101
10169;BEEF HOLIDAY ;1.000000;PIECE;BUN BLANC FRAIS;10905
10169;BEEF HOLIDAY ;1.000000;PIECE;[CHE CHESTER 17GR ;10678
10169;BEEF HOLIDAY ;1.000000;PIECE;[WRAP CHEESE/AP;10880
10170;CHEESY DONUTS X3;3.000000;PIECE;[CHEESY DONUTS;11099
10171;CHEESY DONUTS X8;1.000000;PIECE;[PCK FF QBOX 11 ;10403
10173;DONUT FRAISE;1.000000;PIECE;DONUT FRAISE;11106
10173;DONUT FRAISE;1.000000;PIECE;CAISSETTE GDE;10086
10174;TRIO DONUTS;1.000000;PIECE;[MINI DONUT SUCRE;11108
10174;TRIO DONUTS;1.000000;PIECE;[MINI DONUT CH BLANC;11109
10174;TRIO DONUTS;1.000000;PIECE;[MINI DONUT CH NOISE;11110
10174;TRIO DONUTS;1.000000;PIECE;[PCK TRIO DONUTS;11103
10169;BEEF HOLIDAY ;1.000000;PIECE;PATTY 45GR;10344
10170;CHEESY DONUTS X3;1.000000;PIECE;PCK FF CHEESY;10555
10171;CHEESY DONUTS X8;8.000000;PIECE;[CHEESY DONUTS;11099
10176;GIANT FISH;1.000000;PIECE;BUN BLANC FRAIS;10905
10176;GIANT FISH;1.000000;PIECE;[CHE CHESTER 17GR ;10678
10176;GIANT FISH;1.000000;PIECE;PATTY KING FISH MSC;10142
10176;GIANT FISH;1.000000;PIECE;COL GIANT BLANC;10026
10176;GIANT FISH;1.000000;PIECE;[PCK CAR.LIMED ORAN ;11132
10177;GIANT CHICKEN;1.000000;PIECE;BUN BLANC FRAIS;10905
10177;GIANT CHICKEN;1.000000;PIECE;[CHE CHESTER 17GR ;10678
10177;GIANT CHICKEN;1.000000;PIECE;CHICKEN FILET CRISPY;10928
10177;GIANT CHICKEN;1.000000;PIECE;COL GIANT BLANC;10026
10177;GIANT CHICKEN;1.000000;PIECE;[PCK CAR.LIM ED ROSE;11131
10178;GIANT MITRAILLETTE;1.000000;PIECE;BUN LONG DIEPV;11659
10178;GIANT MITRAILLETTE;2.000000;PIECE;PATTY 45GR;10344
10178;GIANT MITRAILLETTE;1.000000;PIECE;CHE.CHEDDAR 17G;11383
10178;GIANT MITRAILLETTE;1.000000;PIECE;[PCK LG LIM ED PINK;11146
10179;CRISPY BACON BEEF;1.000000;PIECE;[BUN CROUSTI LG;10910
10179;CRISPY BACON BEEF;2.000000;PIECE;BACON CUIT FUME 13;11011
10179;CRISPY BACON BEEF;1.000000;PIECE;[CHE CHESTER 17GR ;10678
10179;CRISPY BACON BEEF;2.000000;PIECE;PATTY 45GR;10344
10179;CRISPY BACON BEEF;1.000000;PIECE;[PCK LG LIM ED PINK;11146
10180;CRISPY BACON CHICKEN;1.000000;PIECE;[BUN CROUSTI LG;10910
10180;CRISPY BACON CHICKEN;2.000000;PIECE;BACON CUIT FUME 13;11011
10180;CRISPY BACON CHICKEN;1.000000;PIECE;[CHE CHESTER 17GR ;10678
10180;CRISPY BACON CHICKEN;1.000000;PIECE;[PATTY CHICK LG 95G;11062
10180;CRISPY BACON CHICKEN;1.000000;PIECE;[PCK LG LIM ED YELLOW;11056
10181;CHEESE DELICE;1.000000;PIECE;BUN BLANC FRAIS;10905
10181;CHEESE DELICE;1.000000;PIECE;PATTY 45GR;10344
10181;CHEESE DELICE;1.000000;PIECE;[CHE. FROM FON. 12GR;10265
10181;CHEESE DELICE;1.000000;PIECE;[WRAP CHEESE/AP;10880
10182;SHK MAXI TIRAMISU;1.000000;PIECE;PAILLE EMB RAYEE;11240
10182;SHK MAXI TIRAMISU;1.000000;PIECE;GOB.50cl _11;10597
10182;SHK MAXI TIRAMISU;1.000000;PIECE;COUV.40/50CL 2014;11384
10183;SHK MED TIRAMISU;1.000000;PIECE;PAILLE EMB RAYEE;11240
10183;SHK MED TIRAMISU;1.000000;PIECE;GOB BIERE 8GR;10299
10184;HAPPY PEPPER;1.000000;PIECE;[BUN X-MAS FRAIS;11190
10184;HAPPY PEPPER;1.000000;PIECE;[TOMATES COUPEES 660G;10343
10184;HAPPY PEPPER;1.000000;PIECE;[CHE CHESTER 17GR ;10678
10184;HAPPY PEPPER;2.000000;PIECE;[PATTY 60GR  ;10379
10184;HAPPY PEPPER;1.000000;PIECE;PCK SUPR LIM ED PINK;11034
10185;MERRY SAMOURAÏ;1.000000;PIECE;[BUN X-MAS FRAIS;11190
10185;MERRY SAMOURAÏ;1.000000;PIECE;[TOMATES COUPEES 660G;10343
10185;MERRY SAMOURAÏ;1.000000;PIECE;[CHE CHESTER 17GR ;10678
10185;MERRY SAMOURAÏ;1.000000;PIECE;[PATTY CHICKN 120G13;11058
10183;SHK MED TIRAMISU;1.000000;PIECE;COUV.40/50CL 2014;11384
10185;MERRY SAMOURAÏ;1.000000;PIECE;PCK SUPR LIM ED ORAN;11084
10186;BEEF CHEDDAR;1.000000;PIECE;[BUN BL CARRE SURG;11200
10186;BEEF CHEDDAR;2.000000;PIECE;[PATTY 60GR  ;10379
10186;BEEF CHEDDAR;2.000000;PIECE;[CHE CHESTER 17GR ;10678
10186;BEEF CHEDDAR;1.000000;PIECE;PCK SUPR LIM ED ORAN;11084
10187;CRISPY CHEESY/6;1.000000;PIECE;PCK FF CHEESY;10555
10188;BEEF ANDALOUSE ;1.000000;PIECE;BUN BLANC FRAIS;10905
10188;BEEF ANDALOUSE ;1.000000;PIECE;PATTY 45GR;10344
10188;BEEF ANDALOUSE ;1.000000;PIECE;[CHE. FROM FON. 12GR;10265
10188;BEEF ANDALOUSE ;1.000000;PIECE;[WRAP CHEESE/AP;10880
10189;CRISPY CHEESY/20;20.000000;PIECE;[CHEESY CRISPY ;11201
10189;CRISPY CHEESY/20;1.000000;PIECE;[PCK FF QBOX 11 ;10403
10190;CHEESE MAX;1.000000;PIECE;BUN BLC QMAX FRAIS;10385
10190;CHEESE MAX;2.000000;PIECE;[PATTY 60GR  ;10379
10190;CHEESE MAX;2.000000;PIECE;[CHE CHESTER 17GR ;10678
10187;CRISPY CHEESY/6;6.000000;PIECE;[CHEESY CRISPY ;11201
10190;CHEESE MAX;2.000000;PIECE;HAMSLICES;10340
10190;CHEESE MAX;1.000000;PIECE;[PCK CHEESE MAX;11268
10191;BEEF LVQR;1.000000;PIECE;BUN BLANC FRAIS;10905
10191;BEEF LVQR;1.000000;PIECE;PATTY 45GR;10344
10191;BEEF LVQR;1.000000;PIECE;[CHE. FROM FON. 12GR;10265
10191;BEEF LVQR;1.000000;PIECE;[WRAP CHEESE/AP;10880
10192;SHK MAXI BANANE;1.000000;PIECE;PAILLE EMB RAYEE;11240
10192;SHK MAXI BANANE;1.000000;PIECE;GOB.50cl _11;10597
10192;SHK MAXI BANANE;1.000000;PIECE;COUV.40/50CL 2014;11384
10193;SHK MAXI CARAMEL;1.000000;PIECE;PAILLE EMB RAYEE;11240
10193;SHK MAXI CARAMEL;1.000000;PIECE;GOB.50cl _11;10597
10193;SHK MAXI CARAMEL;1.000000;PIECE;COUV.40/50CL 2014;11384
10194;SHK MED BANANE;1.000000;PIECE;PAILLE EMB RAYEE;11240
10194;SHK MED BANANE;1.000000;PIECE;GOB BIERE 8GR;10299
10194;SHK MED BANANE;1.000000;PIECE;COUV.40/50CL 2014;11384
10195;SHK MED CARAMEL;1.000000;PIECE;PAILLE EMB RAYEE;11240
10195;SHK MED CARAMEL;1.000000;PIECE;GOB BIERE 8GR;10299
10195;SHK MED CARAMEL;1.000000;PIECE;COUV.40/50CL 2014;11384
10196;SWEET BEEF;1.000000;PIECE;[BUN 3 SPLITS SURG;11267
10196;SWEET BEEF;2.000000;PIECE;[CHE MOZZA 20GR;11258
10196;SWEET BEEF;2.000000;PIECE;PATTY 45GR;10344
10196;SWEET BEEF;1.000000;PIECE;[PCK LG LIM ED ORAN  ;11057
10197;HOT CHICKEN;1.000000;PIECE;[BUN 3 SPLITS SURG;11267
10197;HOT CHICKEN;1.000000;PIECE;[CHE CHESTER 17GR ;10678
10197;HOT CHICKEN;1.000000;PIECE;[PATTY CHICK LG 95G;11062
10197;HOT CHICKEN;2.000000;PIECE;[TOMATES COUPEES 660G;10343
10197;HOT CHICKEN;1.000000;PIECE;[PCK LG LIM ED YELLOW;11056
10198;MIX MANIA TWIX;1.000000;PIECE;[CUP MIX MANIA 2014;11273
10198;MIX MANIA TWIX;1.000000;PIECE;COUV.MIX MANIA 2014;11270
10198;MIX MANIA TWIX;1.000000;PIECE;CUILLERE EMBAL.;10330
10199;MIX MANIA SPECULOOS;1.000000;PIECE;CUP MIX MANIA 15;11655
10199;MIX MANIA SPECULOOS;1.000000;PIECE;COUV.MIX MANIA 2014;11270
10199;MIX MANIA SPECULOOS;1.000000;PIECE;CUILLERE EMBAL.;10330
10200;GIANT MAX SPICY;1.000000;PIECE;[BUN QMAX PAPRI SURG;11309
10200;GIANT MAX SPICY;1.000000;PIECE;[CHE CHESTER 17GR ;10678
10200;GIANT MAX SPICY;2.000000;PIECE;[PATTY 60GR  ;10379
10200;GIANT MAX SPICY;1.000000;PIECE;PCK SUPR LIM ED PINK;11034
10201;GIANT MAX CHICKEN;1.000000;PIECE;BUN BLC QMAX FRAIS;10385
10201;GIANT MAX CHICKEN;1.000000;PIECE;[CHE CHESTER 17GR ;10678
10201;GIANT MAX CHICKEN;1.000000;PIECE;[PATTY CHICKN 120G13;11058
10202;TRIPLE BBQ ONION;2.000000;PIECE;[CHE. FROM FON. 12GR;10265
10202;TRIPLE BBQ ONION;3.000000;PIECE;PATTY 45GR;10344
10202;TRIPLE BBQ ONION;1.000000;PIECE;[COL GIANT RED LINE;11352
10202;TRIPLE BBQ ONION;1.000000;PIECE;[PCK GIR LIM ED ORAN;11348
10203;TRIPLE BEARNAISE;1.000000;PIECE;BUN BLANC FRAIS;10905
10203;TRIPLE BEARNAISE;2.000000;PIECE;[CHE. FROM FON. 12GR;10265
10203;TRIPLE BEARNAISE;3.000000;PIECE;PATTY 45GR;10344
10203;TRIPLE BEARNAISE;1.000000;PIECE;[COL GIANT RED LINE;11352
10203;TRIPLE BEARNAISE;1.000000;PIECE;[PCK GIR LIM ED ORAN;11348
10204;TRIPLE MUSTARD;1.000000;PIECE;BUN BLANC FRAIS;10905
10201;GIANT MAX CHICKEN;1.000000;PIECE;PCK SUPR LIM ED ORAN;11084
10202;TRIPLE BBQ ONION;1.000000;PIECE;BUN BLANC FRAIS;10905
10204;TRIPLE MUSTARD;2.000000;PIECE;[CHE. FROM FON. 12GR;10265
10204;TRIPLE MUSTARD;3.000000;PIECE;PATTY 45GR;10344
10204;TRIPLE MUSTARD;1.000000;PIECE;[COL GIANT RED LINE;11352
10204;TRIPLE MUSTARD;1.000000;PIECE;[PCK GIR LIM ED ORAN;11348
10205;ANDALOUSE MAX;1.000000;PIECE;BUN GRIS QMAX FRAIS;10384
10205;ANDALOUSE MAX;1.000000;PIECE;CHE.CHEDDAR 17G;11383
10205;ANDALOUSE MAX;1.000000;PIECE;PCK SUPR LIM ED PINK;11034
10206;MEGA BBQ BACON;1.000000;PIECE;PCK MEGA BBQ BC 16;11873
10205;ANDALOUSE MAX;2.000000;PIECE;[PATTY 60GR  ;10379
10206;MEGA BBQ BACON;1.000000;PIECE;CHE.CHEDDAR 17G;11383
10206;MEGA BBQ BACON;2.000000;PIECE;BACON CUIT FUME 13;11011
10206;MEGA BBQ BACON;2.000000;PIECE;PATTY 120G HS16;11880
10206;MEGA BBQ BACON;1.000000;PIECE;BUN BLC QMAX FRAIS;10385
10206;MEGA BBQ BACON;1.000000;PIECE;COL QMX 3 ENC LV;11702
10207;PEPPER CRAZY;1.000000;PIECE;[BUN QMAX MAIS DIEPV;11382
10214;ESPRESSO SBC;1.000000;PIECE;[TEST COUV 4 oz SBC ;11418
10214;ESPRESSO SBC;1.000000;PIECE;TOUILLETTE BOIS LZ ;11404
10214;ESPRESSO SBC;1.000000;PIECE;[TEST GOB 4 oz SBC ;11399
10214;ESPRESSO SBC;1.000000;PIECE;SUCRE SACHET;10133
10218;THE EARL GREY SBC;1.000000;PIECE;[TEST COUV 12 oz SBC;11403
10218;THE EARL GREY SBC;1.000000;PIECE;[TEST SLEEVE SBC ;11402
10218;THE EARL GREY SBC;1.000000;PIECE;TOUILLETTE BOIS LZ ;11404
10218;THE EARL GREY SBC;1.000000;PIECE;[TEST THE EARL SBC ;11410
10218;THE EARL GREY SBC;1.000000;PIECE;[TEST GOB 12 oz SBC ;11400
10218;THE EARL GREY SBC;1.000000;PIECE;LAIT DOSE;10107
10218;THE EARL GREY SBC;1.000000;PIECE;JUS CITRON;10092
10218;THE EARL GREY SBC;1.000000;PIECE;SUCRE SACHET;10133
10220;THE REFRESH SBC;1.000000;PIECE;[TEST THE REFR SBC ;11411
10220;THE REFRESH SBC;1.000000;PIECE;[TEST COUV 12 oz SBC;11403
10220;THE REFRESH SBC;1.000000;PIECE;SUCRE SACHET;10133
10220;THE REFRESH SBC;1.000000;PIECE;LAIT DOSE;10107
10220;THE REFRESH SBC;1.000000;PIECE;TOUILLETTE BOIS LZ ;11404
10220;THE REFRESH SBC;1.000000;PIECE;JUS CITRON;10092
10220;THE REFRESH SBC;1.000000;PIECE;[TEST SLEEVE SBC ;11402
10220;THE REFRESH SBC;1.000000;PIECE;[TEST GOB 12 oz SBC ;11400
10221;THE ENGLISH SBC;1.000000;PIECE;[TEST THE ENG B SBC ;11409
10221;THE ENGLISH SBC;1.000000;PIECE;SUCRE SACHET;10133
10221;THE ENGLISH SBC;1.000000;PIECE;TOUILLETTE BOIS LZ ;11404
10221;THE ENGLISH SBC;1.000000;PIECE;LAIT DOSE;10107
10221;THE ENGLISH SBC;1.000000;PIECE;[TEST COUV 12 oz SBC;11403
10221;THE ENGLISH SBC;1.000000;PIECE;JUS CITRON;10092
10221;THE ENGLISH SBC;1.000000;PIECE;[TEST SLEEVE SBC ;11402
10221;THE ENGLISH SBC;1.000000;PIECE;[TEST GOB 12 oz SBC ;11400
10222;CHOCOLAT LZ;1.000000;PIECE;GOB.HOT DRINK 12OZ;11676
10222;CHOCOLAT LZ;1.000000;PIECE;TOUILLETTE BOIS LZ ;11404
10222;CHOCOLAT LZ;1.000000;PIECE;SUCRE SACHET;10133
10207;PEPPER CRAZY;2.000000;PIECE;[TOMATES COUPEES 660G;10343
10207;PEPPER CRAZY;1.000000;PIECE;CHE.CHEDDAR 17G;11383
10207;PEPPER CRAZY;1.000000;PIECE;[PATTY CHICKN 120G13;11058
10207;PEPPER CRAZY;1.000000;PIECE;PCK SUPR LIM ED ORAN;11084
10208;DONUT CHOCO 14;1.000000;PIECE;DONUT CHOCO 14;11380
10208;DONUT CHOCO 14;1.000000;PIECE;CAISSETTE GDE;10086
10209;CHURROS /10;10.000000;PIECE;CHURROS;10277
10209;CHURROS /10;1.000000;PIECE;SUCRE IMPALPABLE 8GR;10359
10209;CHURROS /10;1.000000;PIECE;PCK CHURROS 15;11619
10210;AMERICANO SBC;1.000000;PIECE;[TEST GOB 12 oz SBC ;11400
10210;AMERICANO SBC;1.000000;PIECE;[TEST COUV 12 oz SBC;11403
10210;AMERICANO SBC;1.000000;PIECE;TOUILLETTE BOIS LZ ;11404
10210;AMERICANO SBC;1.000000;PIECE;SUCRE SACHET;10133
10210;AMERICANO SBC;1.000000;PIECE;LAIT DOSE;10107
10210;AMERICANO SBC;1.000000;PIECE;[TEST SLEEVE SBC ;11402
10214;ESPRESSO SBC;1.000000;PIECE;LAIT DOSE;10107
10222;CHOCOLAT LZ;1.000000;PIECE;SPECULOOS LOTUS;10240
10223;CAPPUCCINO LZ;1.000000;PIECE;SPECULOOS LOTUS;10240
10223;CAPPUCCINO LZ;1.000000;PIECE;GOB.HOT DRINK 12OZ;11676
10223;CAPPUCCINO LZ;1.000000;PIECE;SUCRE SACHET;10133
10223;CAPPUCCINO LZ;1.000000;PIECE;COUV.HOT DRINK 12OZZ;11408
10223;CAPPUCCINO LZ;1.000000;PIECE;TOUILLETTE BOIS LZ ;11404
10224;COFFEE LONG LZ;1.000000;PIECE;SUCRE SACHET;10133
10224;COFFEE LONG LZ;1.000000;PIECE;TOUILLETTE BOIS LZ ;11404
10224;COFFEE LONG LZ;1.000000;PIECE;COUV.COFFEE 6OZ LZ;11407
10224;COFFEE LONG LZ;1.000000;PIECE;LAIT DOSE;10107
10224;COFFEE LONG LZ;1.000000;PIECE;GOB.COFFEE 6OZ 15;11675
10224;COFFEE LONG LZ;1.000000;PIECE;SPECULOOS LOTUS;10240
10225;LATTE CARAMEL LZ;1.000000;PIECE;SPECULOOS LOTUS;10240
10229;LATTE VANILLE LZ;1.000000;PIECE;TOUILLETTE BOIS LZ ;11404
10229;LATTE VANILLE LZ;1.000000;PIECE;GOB.HOT DRINK 12OZ;11676
10229;LATTE VANILLE LZ;1.000000;PIECE;SUCRE SACHET;10133
10230;TEA EARL GREY LZ;1.000000;PIECE;LAIT DOSE;10107
10230;TEA EARL GREY LZ;1.000000;PIECE;TEA EARL GREY LP15;11678
10230;TEA EARL GREY LZ;1.000000;PIECE;JUS CITRON;10092
10230;TEA EARL GREY LZ;1.000000;PIECE;SUCRE SACHET;10133
10230;TEA EARL GREY LZ;1.000000;PIECE;TOUILLETTE BOIS LZ ;11404
10230;TEA EARL GREY LZ;1.000000;PIECE;GOB.HOT DRINK 12OZ;11676
10230;TEA EARL GREY LZ;1.000000;PIECE;SLEEVE TEA LZ;11422
10230;TEA EARL GREY LZ;1.000000;PIECE;COUV.HOT DRINK 12OZZ;11408
10230;TEA EARL GREY LZ;1.000000;PIECE;SPECULOOS LOTUS;10240
10231;TEA MINTGREEN LZ;1.000000;PIECE;SPECULOOS LOTUS;10240
10231;TEA MINTGREEN LZ;1.000000;PIECE;TEA MINT LIPTON 15;11708
10231;TEA MINTGREEN LZ;1.000000;PIECE;JUS CITRON;10092
10231;TEA MINTGREEN LZ;1.000000;PIECE;SUCRE SACHET;10133
10231;TEA MINTGREEN LZ;1.000000;PIECE;COUV.HOT DRINK 12OZZ;11408
10231;TEA MINTGREEN LZ;1.000000;PIECE;LAIT DOSE;10107
10231;TEA MINTGREEN LZ;1.000000;PIECE;GOB.HOT DRINK 12OZ;11676
10231;TEA MINTGREEN LZ;1.000000;PIECE;TOUILLETTE BOIS LZ ;11404
10231;TEA MINTGREEN LZ;1.000000;PIECE;SLEEVE TEA LZ;11422
10232;TEA BKF/YELLOW LZ;1.000000;PIECE;SLEEVE TEA LZ;11422
10232;TEA BKF/YELLOW LZ;1.000000;PIECE;COUV.HOT DRINK 12OZZ;11408
10232;TEA BKF/YELLOW LZ;1.000000;PIECE;LAIT DOSE;10107
10232;TEA BKF/YELLOW LZ;1.000000;PIECE;GOB.HOT DRINK 12OZ;11676
10232;TEA BKF/YELLOW LZ;1.000000;PIECE;JUS CITRON;10092
10232;TEA BKF/YELLOW LZ;1.000000;PIECE;TOUILLETTE BOIS LZ ;11404
10232;TEA BKF/YELLOW LZ;1.000000;PIECE;SUCRE SACHET;10133
10232;TEA BKF/YELLOW LZ;1.000000;PIECE;TEA BREAKFAST LP15;11677
10232;TEA BKF/YELLOW LZ;1.000000;PIECE;SPECULOOS LOTUS;10240
10233;QNC BEEF;1.000000;PIECE;[BUN QMAX FARINE MAI;11440
10226;LATTE LZ;1.000000;PIECE;SUCRE SACHET;10133
10226;LATTE LZ;1.000000;PIECE;GOB.HOT DRINK 12OZ;11676
10226;LATTE LZ;1.000000;PIECE;SPECULOOS LOTUS;10240
10227;ESPRESSO LZ;1.000000;PIECE;SPECULOOS LOTUS;10240
10227;ESPRESSO LZ;1.000000;PIECE;TOUILLETTE BOIS LZ ;11404
10227;ESPRESSO LZ;1.000000;PIECE;LAIT DOSE;10107
10227;ESPRESSO LZ;1.000000;PIECE;GOB.ESPR 4OZ 15;11674
10225;LATTE CARAMEL LZ;1.000000;PIECE;GOB.HOT DRINK 12OZ;11676
10225;LATTE CARAMEL LZ;1.000000;PIECE;TOUILLETTE BOIS LZ ;11404
10225;LATTE CARAMEL LZ;1.000000;PIECE;SUCRE SACHET;10133
10225;LATTE CARAMEL LZ;1.000000;PIECE;COUV.HOT DRINK 12OZZ;11408
10227;ESPRESSO LZ;1.000000;PIECE;SUCRE SACHET;10133
10227;ESPRESSO LZ;1.000000;PIECE;COUV.ESPRESSO 4OZ LZ;11406
10228;MOCCHA LZ;1.000000;PIECE;GOB.HOT DRINK 12OZ;11676
10228;MOCCHA LZ;1.000000;PIECE;TOUILLETTE BOIS LZ ;11404
10228;MOCCHA LZ;1.000000;PIECE;SUCRE SACHET;10133
10226;LATTE LZ;1.000000;PIECE;COUV.HOT DRINK 12OZZ;11408
10226;LATTE LZ;1.000000;PIECE;TOUILLETTE BOIS LZ ;11404
10228;MOCCHA LZ;1.000000;PIECE;COUV.HOT DRINK 12OZZ;11408
10228;MOCCHA LZ;1.000000;PIECE;SPECULOOS LOTUS;10240
10229;LATTE VANILLE LZ;1.000000;PIECE;SPECULOOS LOTUS;10240
10229;LATTE VANILLE LZ;1.000000;PIECE;COUV.HOT DRINK 12OZZ;11408
10233;QNC BEEF;1.000000;PIECE;[PATTY 120GR  ;10374
10233;QNC BEEF;1.000000;PIECE;CHE.CHEDDAR 17G;11383
10233;QNC BEEF;1.000000;PIECE;[COL QMAX BLC;11392
10233;QNC BEEF;1.000000;PIECE;PCK SUPR LIM ED PINK;11034
10234;QNC CHICKEN;1.000000;PIECE;[BUN QMAX FARINE MAI;11440
10234;QNC CHICKEN;1.000000;PIECE;[PATTY CHICKN 120G13;11058
10234;QNC CHICKEN;1.000000;PIECE;CHE.CHEDDAR 17G;11383
10234;QNC CHICKEN;1.000000;PIECE;[COL QMAX BLC;11392
10234;QNC CHICKEN;1.000000;PIECE;PCK SUPR LIM ED ORAN;11084
10235;BEEF SAMOURAI;1.000000;PIECE;BUN BLANC FRAIS;10905
10235;BEEF SAMOURAI;1.000000;PIECE;PATTY 45GR;10344
10235;BEEF SAMOURAI;1.000000;PIECE;[CHE.FONDU 12G 14;11386
10235;BEEF SAMOURAI;1.000000;PIECE;[WRAP CHEESE/AP;10880
10236;BROWNIE DEL'ICE;1.000000;PIECE;[BROWNIE CHOCO 40G;11444
10236;BROWNIE DEL'ICE;1.000000;PIECE;CUILLERE EMBAL.;10330
10236;BROWNIE DEL'ICE;1.000000;PIECE;[COUV.SOFTY DELICE ;11489
10237;CH.SAMOURAI MAX;1.000000;PIECE;CHE.CHEDDAR 17G;11383
10237;CH.SAMOURAI MAX;1.000000;PIECE;PCK SUPR LIM ED ORAN;11084
10237;CH.SAMOURAI MAX;1.000000;PIECE;[PATTY CHICKN 120G13;11058
10238;CHEESY TRIO 20 PCS;20.000000;PIECE;CHEESY TRIO  ;11490
10238;CHEESY TRIO 20 PCS;1.000000;PIECE;PCK FF QBOX 15;11626
10237;CH.SAMOURAI MAX;1.000000;PIECE;BUN BLC QMAX FRAIS;10385
10239;CHEESY TRIO 6 PCS;1.000000;PIECE;PCK FF CHEESY;10555
10239;CHEESY TRIO 6 PCS;6.000000;PIECE;CHEESY TRIO  ;11490
10240;CRUMBLE DEL'ICE;1.000000;PIECE;[CRUMBLE POMMES ;11488
10240;CRUMBLE DEL'ICE;1.000000;PIECE;CUILLERE EMBAL.;10330
10240;CRUMBLE DEL'ICE;1.000000;PIECE;[COUV.SOFTY DELICE ;11489
10241;MEGA GIANT;1.000000;PIECE;BUN BLC QMAX FRAIS;10385
10241;MEGA GIANT;1.000000;PIECE;CHE.CHEDDAR 17G;11383
10241;MEGA GIANT;2.000000;PIECE;PATTY 120G HS16;11880
10241;MEGA GIANT;1.000000;PIECE;COL QMX 3 ENC LV;11702
10241;MEGA GIANT;1.000000;PIECE;PCK MEGA GIANT16;11872
10242;WRAP BAC/ONION;5.000000;PIECE;BACON CUIT FUME 13;11011
10242;WRAP BAC/ONION;1.000000;PIECE;[TEST WRAP WRAPS;11522
10243;WRAP CHICKEN CAESAR;1.000000;PIECE;[TEST TORILLA TOMATE;11516
10243;WRAP CHICKEN CAESAR;1.000000;PIECE;[TEST WRAP WRAPS;11522
10242;WRAP BAC/ONION;1.000000;PIECE;[TEST TORILLA TOMATE;11516
10244;WRAP VEGGIE;1.000000;PIECE;[TEST WRAP WRAPS;11522
10244;WRAP VEGGIE;1.000000;PIECE;[TEST TORILLA TOMATE;11516
10245;PARTY BOX;1.000000;PIECE;RINCE DOIGTS;10011
10245;PARTY BOX;5.000000;PIECE;FF CHICKEN WINGS;10154
10245;PARTY BOX;1.000000;PIECE;PCK FF PARTY BOX 15;11630
10246;SHK MAXI PEACH;1.000000;PIECE;GOB.50cl _11;10597
10246;SHK MAXI PEACH;1.000000;PIECE;PAILLE EMB RAYEE;11240
10246;SHK MAXI PEACH;1.000000;PIECE;COUV.40/50CL 2014;11384
10247;SHK MED PEACH;1.000000;PIECE;GOB BIERE 8GR;10299
10247;SHK MED PEACH;1.000000;PIECE;PAILLE EMB RAYEE;11240
10247;SHK MED PEACH;1.000000;PIECE;COUV.40/50CL 2014;11384
10248;SIDE SALAD 15;1.000000;PIECE;COUVERT KIT TRANSP;10336
10248;SIDE SALAD 15;1.000000;PIECE;SIDE SALAD PP15;11562
10249;CHE PECAN CHKN HOT;1.000000;PIECE;COUVERT KIT TRANSP;10336
10249;CHE PECAN CHKN HOT;1.000000;PIECE;CHEESE PECAN SALAD;11561
10249;CHE PECAN CHKN HOT;2.000000;PIECE;CKN STICKS ;11825
10245;PARTY BOX;10.000000;PIECE;FF CHICKEN DIPS 2014;11314
10250;CHE PECAN CHKN COLD;1.000000;PIECE;COUVERT KIT TRANSP;10336
10250;CHE PECAN CHKN COLD;1.000000;PIECE;CHEESE PECAN SALAD;11561
10252;PASTA BC CKN HOT;1.000000;PIECE;COUVERT KIT TRANSP;10336
10252;PASTA BC CKN HOT;1.000000;PIECE;PASTA BACON SALAD;11580
10252;PASTA BC CKN HOT;2.000000;PIECE;CKN STICKS ;11825
10251;PASTA BC CHKN COLD;1.000000;PIECE;COUVERT KIT TRANSP;10336
10251;PASTA BC CHKN COLD;1.000000;PIECE;PASTA BACON SALAD;11580
10253;BURGER HEROS;1.000000;PIECE;BUN BLC QMAX FRAIS;10385
10253;BURGER HEROS;2.000000;PIECE;[PATTY 60GR  ;10379
10253;BURGER HEROS;1.000000;PIECE;CHE.CHEDDAR 17G;11383
10253;BURGER HEROS;1.000000;PIECE;[PCK DCC ORANGE;11617
10254;CHEESY PHILADEL/20 ;20.000000;PIECE;[PHILADELPHIA CHEESY;11615
10253;BURGER HEROS;1.000000;PIECE;[TOMATES COUPEES 660G;10343
10254;CHEESY PHILADEL/20 ;1.000000;PIECE;PCK FF QBOX 15;11626
10255;CHEESY PHILADELPHI/6;6.000000;PIECE;[PHILADELPHIA CHEESY;11615
10256;CRUMBLE FRAISE;1.000000;PIECE;[COUV.SOFTY DELICE ;11489
10256;CRUMBLE FRAISE;1.000000;PIECE;[CRUMBLE AARDBEI;11616
10256;CRUMBLE FRAISE;1.000000;PIECE;CUILLERE EMBAL.;10330
10257;TWIN BEEF;1.000000;PIECE;[BUN TWIN SURG;11645
10257;TWIN BEEF;2.000000;PIECE;[CHE.FONDU 12G 14;11386
10257;TWIN BEEF;2.000000;PIECE;[PATTY 60GR  ;10379
10257;TWIN BEEF;1.000000;PIECE;[PCK TWIN ROUGE;11647
10255;CHEESY PHILADELPHI/6;1.000000;PIECE;PCK FF CHEESY;10555
10258;FN DIPS3;1.000000;PIECE;PCK FF x3P MSC 15;11654
10258;FN DIPS3;3.000000;PIECE;FISH N DIPS 21G MSC;11642
10260;YOUBURGER BEARNAISE;1.000000;PIECE;CHE.CHEDDAR 17G;11383
10260;YOUBURGER BEARNAISE;1.000000;PIECE;[PATTY 120GR  ;10374
10260;YOUBURGER BEARNAISE;1.000000;PIECE;COL QMX 3 ENC LV;11702
10260;YOUBURGER BEARNAISE;1.000000;PIECE;PCK SUPR BRUN_11;10565
10261;YOUBURGER ESPELETTE;1.000000;PIECE;[BUN GRIS FAR SURG;11701
10261;YOUBURGER ESPELETTE;1.000000;PIECE;CHE.CHEDDAR 17G;11383
10261;YOUBURGER ESPELETTE;1.000000;PIECE;[PATTY 120GR  ;10374
10261;YOUBURGER ESPELETTE;1.000000;PIECE;COL QMX 3 ENC LV;11702
10261;YOUBURGER ESPELETTE;1.000000;PIECE;PCK SUPR MAUVE_11;10566
10262;YOUBURGER ROQUEFORT;1.000000;PIECE;[BUN GRIS FAR SURG;11701
10259;FN DIPS7;1.000000;PIECE;PCK FF x7P MSC 15;11653
10259;FN DIPS7;7.000000;PIECE;FISH N DIPS 21G MSC;11642
10260;YOUBURGER BEARNAISE;1.000000;PIECE;[BUN GRIS FAR SURG;11701
10262;YOUBURGER ROQUEFORT;1.000000;PIECE;CHE.CHEDDAR 17G;11383
10262;YOUBURGER ROQUEFORT;1.000000;PIECE;[PATTY 120GR  ;10374
10262;YOUBURGER ROQUEFORT;1.000000;PIECE;COL QMX 3 ENC LV;11702
10262;YOUBURGER ROQUEFORT;1.000000;PIECE;PCK SUPR RED;10889
10263;CHEESY TRIO WINT/20;20.000000;PIECE;[CHEESY TRIO WINTER;11696
10264;CHEESY TRIO WINTER/6;1.000000;PIECE;PCK FF CHEESY;10555
10265;MINI CRÊPES;3.000000;PIECE;MINI CREPES;11741
10265;MINI CRÊPES;1.000000;PIECE;PCK PATISSERIES_11;10564
10265;MINI CRÊPES;1.000000;PIECE;SEMELLE PATISSERIE;11722
10265;MINI CRÊPES;1.000000;PIECE;COUVERT KIT TRANSP;10336
10266;QUICK N BRETZEL PEPP;1.000000;PIECE;[BUN BRETZEL SURG ;11744
10263;CHEESY TRIO WINT/20;1.000000;PIECE;PCK FF QBOX 15;11626
10264;CHEESY TRIO WINTER/6;6.000000;PIECE;[CHEESY TRIO WINTER;11696
10266;QUICK N BRETZEL PEPP;1.000000;PIECE;CHE.EMMENTAL TR 20G;11732
10266;QUICK N BRETZEL PEPP;1.000000;PIECE;[PATTY 120GR  ;10374
10266;QUICK N BRETZEL PEPP;1.000000;PIECE;[TEST PCK BRETZEL PEP;11747
10267;QUICK N BRETZEL BAC;1.000000;PIECE;[BUN BRETZEL SURG ;11744
10267;QUICK N BRETZEL BAC;2.000000;PIECE;BACON CUIT FUME 13;11011
10267;QUICK N BRETZEL BAC;1.000000;PIECE;TEST PCK BRETZEL BAC;11746
10268;BEEF BBQ;1.000000;PIECE;WRAP ACCES PRICE;11748
10268;BEEF BBQ;1.000000;PIECE;PATTY 45GR;10344
10268;BEEF BBQ;1.000000;PIECE;BUN BLANC FRAIS;10905
10268;BEEF BBQ;1.000000;PIECE;CHE.CHEDDAR 17G;11383
10267;QUICK N BRETZEL BAC;1.000000;PIECE;CHE.CHEDDAR 17G;11383
10267;QUICK N BRETZEL BAC;1.000000;PIECE;[PATTY 120GR  ;10374
10269;MIX MANIA SNICKERS;1.000000;PIECE;CUP MIX MANIA 15;11655
10269;MIX MANIA SNICKERS;1.000000;PIECE;CUILLERE EMBAL.;10330
10269;MIX MANIA SNICKERS;1.000000;PIECE;COUV.MIX MANIA 2014;11270
10270;MIX MANIA M&M;1.000000;PIECE;CUP MIX MANIA 15;11655
10270;MIX MANIA M&M;1.000000;PIECE;CUILLERE EMBAL.;10330
10270;MIX MANIA M&M;1.000000;PIECE;COUV.MIX MANIA 2014;11270
10271;SUPREME CHE 16;1.000000;PIECE;BUN SUPREME FRAIS16;11871
10271;SUPREME CHE 16;2.000000;PIECE;CHE.EMMENTAL TR 20G;11732
10271;SUPREME CHE 16;1.000000;PIECE;PCK SUPR CHEESE 16;11876
10271;SUPREME CHE 16;2.000000;PIECE;TOMATE SLICES 16;11868
10272;SUPREME CKN 16;1.000000;PIECE;BUN SUPREME FRAIS16;11871
10272;SUPREME CKN 16;2.000000;PIECE;CHE.EMMENTAL TR 20G;11732
10272;SUPREME CKN 16;2.000000;PIECE;TOMATE SLICES 16;11868
10271;SUPREME CHE 16;2.000000;PIECE;HAMSLICES;10340
10271;SUPREME CHE 16;1.000000;PIECE;PATTY 150G HS16;11881
10272;SUPREME CKN 16;2.000000;PIECE;BACON CUIT FUME 13;11011
10272;SUPREME CKN 16;1.000000;PIECE;PATTY CKN SUPR 129G;11737
10272;SUPREME CKN 16;1.000000;PIECE;PCK SUPR CKN BBQ 16;11882
10273;CHEESE N TOAST;2.000000;PIECE;BUN TOAST SURG;11387
10273;CHEESE N TOAST;2.000000;PIECE;HAMSLICES;10340
10273;CHEESE N TOAST;2.000000;PIECE;CHE.CHEDDAR 17G;11383
10273;CHEESE N TOAST;1.000000;PIECE;[PATTY 120GR  ;10374
10273;CHEESE N TOAST;1.000000;PIECE;[PCK CHE TOAST RED;11788
10274;BEEF DIABLO;2.000000;PIECE;[TOMATES COUPEES 660G;10343
10274;BEEF DIABLO;1.000000;PIECE;[BUN LEVAIN SPL SURG;11787
10274;BEEF DIABLO;1.000000;PIECE;[PATTY 120GR  ;10374
10274;BEEF DIABLO;1.000000;PIECE;CHE.CHEDDAR 17G;11383
10274;BEEF DIABLO;1.000000;PIECE;PCK SUPR LIM ED PINK;11034
10275;CHICKEN TOMATO ONION;1.000000;PIECE;PCK SUPR LIM ED ORAN;11084
10275;CHICKEN TOMATO ONION;2.000000;PIECE;[TOMATES COUPEES 660G;10343
10275;CHICKEN TOMATO ONION;1.000000;PIECE;BUN GRIS QMAX FRAIS;10384
10275;CHICKEN TOMATO ONION;1.000000;PIECE;PATTY CKN SUPR 129G;11737
10275;CHICKEN TOMATO ONION;1.000000;PIECE;CHE.CHEDDAR 17G;11383
10276;PARTY BOX WINGS DEL;12.000000;PIECE;FF CHICKEN WINGS;10154
10276;PARTY BOX WINGS DEL;2.000000;PIECE;RINCE DOIGTS;10011
10276;PARTY BOX WINGS DEL;1.000000;PIECE;PCK FF PARTY BOX 15;11630
10277;PARTYBOX 20 DIPS DEL;20.000000;PIECE;FF CHICKEN DIPS 2014;11314
10277;PARTYBOX 20 DIPS DEL;1.000000;PIECE;PCK FF PARTY BOX 15;11630
10278;PARTYBOX 20 FND DEL;20.000000;PIECE;FISH N DIPS 21G MSC;11642
10278;PARTYBOX 20 FND DEL;1.000000;PIECE;PCK FF PARTY BOX 15;11630
10279;WRAP GIANT CKN ;1.000000;PIECE;TORTILLA 25CM SG;11827
10279;WRAP GIANT CKN ;1.000000;PIECE;CHE.CHEDDAR 17G;11383
10279;WRAP GIANT CKN ;2.000000;PIECE;CKN STICKS ;11825
10279;WRAP GIANT CKN ;1.000000;PIECE;PCK WRAP 16;11926
10280;JUNIOR WRAP;1.000000;PIECE;TORTILLA 20CM SG;11826
10280;JUNIOR WRAP;1.000000;PIECE;CKN STICKS ;11825
10280;JUNIOR WRAP;1.000000;PIECE;WRAP CHEESE 2015;11633
10281;SHK MAXI MANGO;1.000000;PIECE;COUV.40/50CL 2014;11384
10281;SHK MAXI MANGO;1.000000;PIECE;PAILLE EMB RAYEE;11240
10281;SHK MAXI MANGO;1.000000;PIECE;GOB BIERE 8GR;10299
10282;SHK MED MANGO;1.000000;PIECE;GOB BIERE 8GR;10299
10282;SHK MED MANGO;1.000000;PIECE;PAILLE EMB RAYEE;11240
10283;DAME BLANCHE CARAMEL;1.000000;PIECE;COUV.MIX MANIA 2014;11270
10283;DAME BLANCHE CARAMEL;1.000000;PIECE;GOB BIERE 8GR;10299
10283;DAME BLANCHE CARAMEL;1.000000;PIECE;CUILLERE EMBAL.;10330
10282;SHK MED MANGO;1.000000;PIECE;COUV.40/50CL 2014;11384
10284;DAME BLANCHE CHOCO;1.000000;PIECE;COUV.MIX MANIA 2014;11270
10284;DAME BLANCHE CHOCO;1.000000;PIECE;GOB BIERE 8GR;10299
10284;DAME BLANCHE CHOCO;1.000000;PIECE;CUILLERE EMBAL.;10330
10287;ITALIAN SALAD HOT;2.000000;PIECE;CKN STICKS ;11825
10287;ITALIAN SALAD HOT;1.000000;PIECE;ITALIAN SALAD;11869
10287;ITALIAN SALAD HOT;1.000000;PIECE;COUVERT KIT TRANSP;10336
10288;BIG PEPPER 16;1.000000;PIECE;PCK BIG PEPPER 16;11877
10288;BIG PEPPER 16;1.000000;PIECE;BUN GRIS QMAX FRAIS;10384
10288;BIG PEPPER 16;1.000000;PIECE;PATTY 120G HS16;11880
10288;BIG PEPPER 16;1.000000;PIECE;CHE.CHEDDAR 17G;11383
10288;BIG PEPPER 16;1.000000;PIECE;TOMATE SLICES 16;11868
10285;DAME BLANCHE FRAISE;1.000000;PIECE;COUV.MIX MANIA 2014;11270
10285;DAME BLANCHE FRAISE;1.000000;PIECE;GOB BIERE 8GR;10299
10285;DAME BLANCHE FRAISE;1.000000;PIECE;CUILLERE EMBAL.;10330
10286;ITALIAN SALAD COLD;1.000000;PIECE;ITALIAN SALAD;11869
10286;ITALIAN SALAD COLD;1.000000;PIECE;COUVERT KIT TRANSP;10336
10288;BIG PEPPER 16;1.000000;PIECE;COL QMX 3 ENC LV;11702
10289;CHICKEN FILET 16;1.000000;PIECE;PCK CHICKEN FILET 15;11629
10289;CHICKEN FILET 16;1.000000;PIECE;CHICKEN FILET CRISPY;10928
10289;CHICKEN FILET 16;1.000000;PIECE;CHE.CHEDDAR 17G;11383
10289;CHICKEN FILET 16;1.000000;PIECE;BUN BLANC FRAIS;10905
10290;BIG BACON 16 ;1.000000;PIECE;PCK BIG BACON 16;11879
10290;BIG BACON 16 ;1.000000;PIECE;PATTY 120G HS16;11880
10290;BIG BACON 16 ;1.000000;PIECE;CHE.CHEDDAR 17G;11383
10290;BIG BACON 16 ;3.000000;PIECE;BACON CUIT FUME 13;11011
10290;BIG BACON 16 ;1.000000;PIECE;BUN GRIS QMAX FRAIS;10384
10291;BIG GIANT 16;1.000000;PIECE;PCK BIG GIANT 16;11878
10291;BIG GIANT 16;1.000000;PIECE;PATTY 120G HS16;11880
10291;BIG GIANT 16;1.000000;PIECE;CHE.CHEDDAR 17G;11383
10291;BIG GIANT 16;1.000000;PIECE;BUN BLC QMAX FRAIS;10385
10291;BIG GIANT 16;1.000000;PIECE;COL QMX 3 ENC LV;11702
10292;SPICY CHEESY /20;1.000000;PIECE;PCK FF QBOX 15;11626
10292;SPICY CHEESY /20;20.000000;PIECE;SPICY CHEESY;11925
10293;SPICY CHEESY /6;6.000000;PIECE;SPICY CHEESY;11925
10293;SPICY CHEESY /6;1.000000;PIECE;PCK FF CHEESY;10555
10285;DAME BLANCHE FRAISE;20.000000;GRAMME;CREME FOUETTE DEBIC ;11423
10291;BIG GIANT 16;4.000000;GRAMME;OIGNONS DES;10260
10291;BIG GIANT 16;30.000000;GRAMME;SAU.GIANT SHM328;11349
10291;BIG GIANT 16;15.000000;GRAMME;SCAROLE;10284
10290;BIG BACON 16 ;20.000000;GRAMME;SAU.BACON SATO148;11342
10289;CHICKEN FILET 16;10.000000;GRAMME;MIX ICEBERG/BAT 16;11923
10289;CHICKEN FILET 16;20.000000;GRAMME;SAU.CHICKEN SCC101;11343
10289;CHICKEN FILET 16;2.000000;GRAMME;OIGNONS DES;10260
10286;ITALIAN SALAD COLD;60.000000;GRAMME;BOUCHEES DE POULET;11514
10288;BIG PEPPER 16;4.000000;GRAMME;OIGNONS DES;10260
10288;BIG PEPPER 16;20.000000;GRAMME;SAU.PEPPER SAPC083;11345
10288;BIG PEPPER 16;15.000000;GRAMME;SCAROLE;10284
10285;DAME BLANCHE FRAISE;35.000000;GRAMME;NAP.SQZ FRAISE 2014;11264
10283;DAME BLANCHE CARAMEL;35.000000;GRAMME;NAP.SQZ CARAMEL 2014;11265
10283;DAME BLANCHE CARAMEL;20.000000;GRAMME;CREME FOUETTE DEBIC ;11423
10284;DAME BLANCHE CHOCO;20.000000;GRAMME;CREME FOUETTE DEBIC ;11423
10284;DAME BLANCHE CHOCO;35.000000;GRAMME;NAP.SQZ CHOCO 2014;11263
10280;JUNIOR WRAP;10.000000;GRAMME;MIX ICEBERG/BAT 16;11923
10280;JUNIOR WRAP;10.000000;GRAMME;SAU.TOM ONION 300ML;11790
10279;WRAP GIANT CKN ;15.000000;GRAMME;SCAROLE;10284
10279;WRAP GIANT CKN ;4.000000;GRAMME;OIGNONS DES;10260
10279;WRAP GIANT CKN ;20.000000;GRAMME;SAU.GIANT SHM328;11349
10236;BROWNIE DEL'ICE;5.000000;GRAMME;TOPPING NOIS.CARAM;11260
10275;CHICKEN TOMATO ONION;15.000000;GRAMME;[MIX ICEB/BATAVIA  ;10797
10275;CHICKEN TOMATO ONION;4.000000;GRAMME;OIGNONS DES;10260
10275;CHICKEN TOMATO ONION;20.000000;GRAMME;[SAU.TOM ONION 450ML;11786
10274;BEEF DIABLO;4.000000;GRAMME;OIGNONS DES;10260
10274;BEEF DIABLO;20.000000;GRAMME;[SAU.DIABLO 450ML;11785
10274;BEEF DIABLO;15.000000;GRAMME;SCAROLE;10284
10274;BEEF DIABLO;0.500000;GRAMME;[EPICES CHARGRILL;10805
10273;CHEESE N TOAST;0.500000;GRAMME;[EPICES CHARGRILL;10805
10273;CHEESE N TOAST;15.000000;GRAMME;[MIX ICEB/BATAVIA  ;10797
10273;CHEESE N TOAST;4.000000;GRAMME;[OIGNON  ROND BLANC;10798
10273;CHEESE N TOAST;3.000000;GRAMME;SAU.MOUTARDE;10246
10273;CHEESE N TOAST;10.000000;GRAMME;KETCHUP BIB HEINZ;10066
10271;SUPREME CHE 16;0.500000;GRAMME; MIX SALT /PEPPER;11794
10271;SUPREME CHE 16;4.000000;GRAMME;OIGNONS ROUGES ;11734
10271;SUPREME CHE 16;10.000000;GRAMME;MIX SCAROLE/ROQUETTE;11733
10271;SUPREME CHE 16;20.000000;GRAMME;SAU.SUPR CHE SCC102;11346
10272;SUPREME CKN 16;4.000000;GRAMME;OIGNONS ROUGES ;11734
10272;SUPREME CKN 16;10.000000;GRAMME;MIX SCAROLE/ROQUETTE;11733
10272;SUPREME CKN 16;15.000000;GRAMME;SAU.BBQ CL HZ7400117;11731
10272;SUPREME CKN 16;10.000000;GRAMME;SAU.CHICKEN SCC101;11343
10271;SUPREME CHE 16;10.000000;GRAMME;KETCHUP BIB HEINZ;10066
10270;MIX MANIA M&M;20.000000;GRAMME;NAP.SQZ CHOCO 2014;11263
10270;MIX MANIA M&M;20.000000;GRAMME;TOPPING M-M CHOC;11739
10269;MIX MANIA SNICKERS;20.000000;GRAMME;NAP.SQZ CAR-CHOCO15;11560
10269;MIX MANIA SNICKERS;20.000000;GRAMME;TOPPING SNICKERS;11738
10267;QUICK N BRETZEL BAC;0.500000;GRAMME;[EPICES CHARGRILL;10805
10268;BEEF BBQ;10.000000;GRAMME;SCAROLE;10284
10268;BEEF BBQ;2.000000;GRAMME;OIGNONS DES;10260
10268;BEEF BBQ;20.000000;GRAMME;SAU.BBQ 17064901;10783
10267;QUICK N BRETZEL BAC;20.000000;GRAMME;[SAU.CHE FUME CS12914;11752
10267;QUICK N BRETZEL BAC;15.000000;GRAMME;[MIX ICEB/BATAVIA  ;10797
10267;QUICK N BRETZEL BAC;4.000000;GRAMME;OIGNONS ROUGES ;11734
10266;QUICK N BRETZEL PEPP;0.500000;GRAMME;[EPICES CHARGRILL;10805
10266;QUICK N BRETZEL PEPP;20.000000;GRAMME;[SAU.3PEPPER CS13549V;11751
10266;QUICK N BRETZEL PEPP;15.000000;GRAMME;[MIX ICEB/BATAVIA  ;10797
10266;QUICK N BRETZEL PEPP;4.000000;GRAMME;OIGNONS ROUGES ;11734
10260;YOUBURGER BEARNAISE;0.500000;GRAMME;[EPICES CHARGRILL;10805
10260;YOUBURGER BEARNAISE;20.000000;GRAMME;[SAU.BEA NA BEA503 ;11700
10260;YOUBURGER BEARNAISE;20.000000;GRAMME;[MIX TRIO SALAD;11697
10262;YOUBURGER ROQUEFORT;0.500000;GRAMME;[EPICES CHARGRILL;10805
10262;YOUBURGER ROQUEFORT;20.000000;GRAMME;[SAU.ROQUEFORT ;11683
10262;YOUBURGER ROQUEFORT;20.000000;GRAMME;[MIX TRIO SALAD;11697
10261;YOUBURGER ESPELETTE;0.500000;GRAMME;[EPICES CHARGRILL;10805
10261;YOUBURGER ESPELETTE;20.000000;GRAMME;[SAU. ESPELETTE ;11682
10261;YOUBURGER ESPELETTE;20.000000;GRAMME;[MIX TRIO SALAD;11697
10257;TWIN BEEF;20.000000;GRAMME;[MIX ICEB/BATAVIA  ;10797
10257;TWIN BEEF;8.000000;GRAMME;OIGNONS DES;10260
10257;TWIN BEEF;19.000000;GRAMME;[SAU.TART CS13290V02;11644
10257;TWIN BEEF;10.000000;GRAMME;[SAU.TOM PIM CS13289;11643
10253;BURGER HEROS;4.000000;GRAMME;OIGNONS DES;10260
10253;BURGER HEROS;20.000000;GRAMME;SAU.BACON SATO148;11342
10253;BURGER HEROS;10.000000;GRAMME;[MIX ICEB/BATAVIA  ;10797
10251;PASTA BC CHKN COLD;60.000000;GRAMME;BOUCHEES DE POULET;11514
10250;CHE PECAN CHKN COLD;60.000000;GRAMME;BOUCHEES DE POULET;11514
10244;WRAP VEGGIE;20.000000;GRAMME;TEST SAU.BBQ GRILLE ;11518
10244;WRAP VEGGIE;35.000000;GRAMME;[TEST GRILLED PEPPER;11520
10242;WRAP BAC/ONION;35.000000;GRAMME;TEST ONION PETALS;11521
10243;WRAP CHICKEN CAESAR;8.000000;GRAMME;[TEST CROUTONS;11515
10243;WRAP CHICKEN CAESAR;60.000000;GRAMME;BOUCHEES DE POULET;11514
10243;WRAP CHICKEN CAESAR;20.000000;GRAMME;TEST SAU.CAESAR ;11517
10243;WRAP CHICKEN CAESAR;30.000000;GRAMME;[TEST MIX SALAD WRAP;11509
10243;WRAP CHICKEN CAESAR;15.000000;GRAMME;[TEST EMMENTAL RAPE;11506
10244;WRAP VEGGIE;15.000000;GRAMME;[TEST EMMENTAL RAPE;11506
10244;WRAP VEGGIE;30.000000;GRAMME;[TEST MIX SALAD WRAP;11509
10244;WRAP VEGGIE;50.000000;GRAMME;[TEST MINI ROSTI;11510
10242;WRAP BAC/ONION;20.000000;GRAMME;TEST SAU.CHE/ONION ;11519
10242;WRAP BAC/ONION;15.000000;GRAMME;[TEST EMMENTAL RAPE;11506
10242;WRAP BAC/ONION;30.000000;GRAMME;[TEST MIX SALAD WRAP;11509
10241;MEGA GIANT;30.000000;GRAMME;SAU.GIANT SHM328;11349
10241;MEGA GIANT;15.000000;GRAMME;SCAROLE;10284
10241;MEGA GIANT;4.000000;GRAMME;OIGNONS DES;10260
10240;CRUMBLE DEL'ICE;5.000000;GRAMME;[TOPPING CRUMBLE;11487
10237;CH.SAMOURAI MAX;15.000000;GRAMME;[MIX ICEB/BATAVIA  ;10797
10237;CH.SAMOURAI MAX;30.000000;GRAMME;[SAU.SAMOURAI 700539;11436
10235;BEEF SAMOURAI;2.000000;GRAMME;OIGNONS DES;10260
10235;BEEF SAMOURAI;10.000000;GRAMME;SCAROLE;10284
10233;QNC BEEF;15.000000;GRAMME;SCAROLE;10284
10234;QNC CHICKEN;15.000000;GRAMME;SCAROLE;10284
10235;BEEF SAMOURAI;19.000000;GRAMME;[SAU.SAMOURAI 700539;11436
10234;QNC CHICKEN;30.000000;GRAMME;[SAU.ONION&CREAM7005;11443
10234;QNC CHICKEN;42.400000;GRAMME;[CHIPS SLICES ;10730
10233;QNC BEEF;0.500000;GRAMME;[EPICES CHARGRILL;10805
10229;LATTE VANILLE LZ;10.000000;GRAMME;COFFEE GOLD LAVAZZA;11414
10226;LATTE LZ;10.000000;GRAMME;COFFEE GOLD LAVAZZA;11414
10228;MOCCHA LZ;9.000000;GRAMME;COFFEE GOLD LAVAZZA;11414
10228;MOCCHA LZ;21.000000;GRAMME;CHOCOLAT LACTE;11413
10225;LATTE CARAMEL LZ;10.000000;GRAMME;COFFEE GOLD LAVAZZA;11414
10227;ESPRESSO LZ;8.000000;GRAMME;COFFEE GOLD LAVAZZA;11414
10233;QNC BEEF;20.000000;GRAMME;[SAU.CHEESE 700191;11442
10233;QNC BEEF;42.400000;GRAMME;[CHIPS SLICES ;10730
10224;COFFEE LONG LZ;9.000000;GRAMME;COFFEE GOLD LAVAZZA;11414
10223;CAPPUCCINO LZ;10.000000;GRAMME;COFFEE GOLD LAVAZZA;11414
10133;SMALL NESTEA LEMON;3.000000;GRAMME;CO2;10222
10222;CHOCOLAT LZ;42.000000;GRAMME;CHOCOLAT LACTE;11413
10223;CAPPUCCINO LZ;1.000000;GRAMME;CHOCOLAT LACTE;11413
10214;ESPRESSO SBC;9.000000;GRAMME;[TEST CAFE HENRY SBC;11412
10210;AMERICANO SBC;14.000000;GRAMME;[TEST CAFE HENRY SBC;11412
10207;PEPPER CRAZY;20.000000;GRAMME;SAU.PEPPER SAPC083;11345
10207;PEPPER CRAZY;8.000000;GRAMME;[OIGNON  ROND BLANC;10798
10207;PEPPER CRAZY;10.000000;GRAMME;[MIX ICEB/BATAVIA  ;10797
10206;MEGA BBQ BACON;10.000000;GRAMME;SAU.CHICKEN SCC101;11343
10206;MEGA BBQ BACON;4.000000;GRAMME;OIGNONS DES;10260
10205;ANDALOUSE MAX;15.000000;GRAMME;SCAROLE;10284
10206;MEGA BBQ BACON;20.000000;GRAMME;SAU.BBQ CL HZ7400117;11731
10206;MEGA BBQ BACON;15.000000;GRAMME;SCAROLE;10284
10205;ANDALOUSE MAX;20.000000;GRAMME;[SAU.ANDALOUSE700503;10778
10202;TRIPLE BBQ ONION;10.000000;GRAMME;[SAU.CHICKEN SCC063;10143
10202;TRIPLE BBQ ONION;5.000000;GRAMME;SAU.BBQ 17064901;10783
10202;TRIPLE BBQ ONION;10.000000;GRAMME;SCAROLE;10284
10202;TRIPLE BBQ ONION;8.000000;GRAMME;[OIGNON  ROND BLANC;10798
10204;TRIPLE MUSTARD;20.000000;GRAMME;[SAU.MOUTARDE ANC.;10792
10204;TRIPLE MUSTARD;10.000000;GRAMME;SCAROLE;10284
10204;TRIPLE MUSTARD;4.000000;GRAMME;[OIGNON  ROND BLANC;10798
10203;TRIPLE BEARNAISE;20.000000;GRAMME;[SAU.BEARNAISE;11347
10203;TRIPLE BEARNAISE;10.000000;GRAMME;SCAROLE;10284
10203;TRIPLE BEARNAISE;4.000000;GRAMME;[OIGNON  ROND BLANC;10798
10199;MIX MANIA SPECULOOS;20.000000;GRAMME;NAP.SQZ CARAMEL 2014;11265
10199;MIX MANIA SPECULOOS;10.000000;GRAMME;TOPPING SPECULOOS;10847
10201;GIANT MAX CHICKEN;30.000000;GRAMME;[SAU.GIANT SHM170;10114
10201;GIANT MAX CHICKEN;15.000000;GRAMME;SCAROLE;10284
10201;GIANT MAX CHICKEN;4.000000;GRAMME;OIGNONS DES;10260
10200;GIANT MAX SPICY;30.000000;GRAMME;[SAU.GIANT SP SHM327;11310
10200;GIANT MAX SPICY;15.000000;GRAMME;SCAROLE;10284
10200;GIANT MAX SPICY;4.000000;GRAMME;OIGNONS DES;10260
10198;MIX MANIA TWIX;20.000000;GRAMME;[NAP.SQZ CAR-CHOCO ;11266
10198;MIX MANIA TWIX;20.000000;GRAMME;[TOPPING TWIX MIX;11259
10197;HOT CHICKEN;10.000000;GRAMME;[MIX ICEB/BATAVIA  ;10797
10197;HOT CHICKEN;20.000000;GRAMME;[SAU.VERY HOT SCC09;11262
10196;SWEET BEEF;20.000000;GRAMME;[SAU.CREME BRIE;11261
10191;BEEF LVQR;19.000000;GRAMME;[SAU.LVQR;11230
10190;CHEESE MAX;10.000000;GRAMME;[MIX ICEB/BATAVIA  ;10797
10190;CHEESE MAX;10.000000;GRAMME;KETCHUP BIB HEINZ;10066
10190;CHEESE MAX;1.500000;GRAMME;SAU.MOUTARDE;10246
10190;CHEESE MAX;4.000000;GRAMME;[OIGNON  ROND BLANC;10798
10188;BEEF ANDALOUSE ;10.000000;GRAMME;SCAROLE;10284
10188;BEEF ANDALOUSE ;10.000000;GRAMME;[SAU.ANDALOUSE700503;10778
10186;BEEF CHEDDAR;2.000000;GRAMME;OIGNONS DES;10260
10186;BEEF CHEDDAR;20.000000;GRAMME;[SAU.CR CHEDDA487301;11202
10185;MERRY SAMOURAÏ;30.000000;GRAMME;[SAU.SAMOURAÏ 700533;11189
10185;MERRY SAMOURAÏ;15.000000;GRAMME;[MIX ICEB/BATAVIA  ;10797
10184;HAPPY PEPPER;20.000000;GRAMME;[SAU.POIVRE BR700531;11188
10184;HAPPY PEPPER;15.000000;GRAMME;[MIX ICEB/BATAVIA  ;10797
10181;CHEESE DELICE;10.000000;GRAMME;[SAU.BRIE 486601 ;11145
10181;CHEESE DELICE;2.000000;GRAMME;OIGNONS DES;10260
10180;CRISPY BACON CHICKEN;20.000000;GRAMME;[SAU.ONION PIQ700530;11144
10180;CRISPY BACON CHICKEN;41.000000;GRAMME;[FRITES ALLUMETTES;10904
10179;CRISPY BACON BEEF;20.000000;GRAMME;[SAU.ONION PIQ700530;11144
10179;CRISPY BACON BEEF;41.000000;GRAMME;[FRITES ALLUMETTES;10904
10178;GIANT MITRAILLETTE;20.000000;GRAMME;SAU.GIANT SHM328;11349
10178;GIANT MITRAILLETTE;4.000000;GRAMME;OIGNONS DES;10260
10178;GIANT MITRAILLETTE;10.000000;GRAMME;SCAROLE;10284
10177;GIANT CHICKEN;15.000000;GRAMME;SCAROLE;10284
10177;GIANT CHICKEN;2.000000;GRAMME;OIGNONS DES;10260
10178;GIANT MITRAILLETTE;38.000000;GRAMME;[FRITES 5/5;11658
10177;GIANT CHICKEN;19.000000;GRAMME;[SAU.GIANT SHM170;10114
10176;GIANT FISH;15.000000;GRAMME;SCAROLE;10284
10176;GIANT FISH;2.000000;GRAMME;OIGNONS DES;10260
10169;BEEF HOLIDAY ;10.000000;GRAMME;[MIX ICEB/BATAVIA  ;10797
10176;GIANT FISH;19.000000;GRAMME;[SAU.GIANT SHM170;10114
10169;BEEF HOLIDAY ;19.000000;GRAMME;[SAU.RELISH 709289;11111
10168;HOMER BURGER;17.000000;GRAMME;[SAU.MOSTZACHT470135;11100
10168;HOMER BURGER;15.000000;GRAMME;[MIX ICEB/BATAVIA  ;10797
10160;JUNIOR GIANT ;10.000000;GRAMME;SAU.GIANT SHM328;11349
10160;JUNIOR GIANT ;10.000000;GRAMME;SCAROLE;10284
10160;JUNIOR GIANT ;2.000000;GRAMME;OIGNONS DES;10260
10149;XTRALONG GIANT ;30.000000;GRAMME;SAU.GIANT SHM328;11349
10149;XTRALONG GIANT ;15.000000;GRAMME;SCAROLE;10284
10149;XTRALONG GIANT ;4.000000;GRAMME;OIGNONS DES;10260
10138;SUMMER BEEF;0.500000;GRAMME;[EPICES CHARGRILL;10805
10138;SUMMER BEEF;8.000000;GRAMME;[OIGNON  ROND BLANC;10798
10138;SUMMER BEEF;20.000000;GRAMME;[SAU.BBQ MAYO 830467;10844
10138;SUMMER BEEF;10.000000;GRAMME;[MIX ICEB/BATAVIA  ;10797
10104;BASE BDY CPL 5 ANS;90.000000;GRAMME;FRITES  ;10539
10105;BASE BDY CPL 8 ANS;90.000000;GRAMME;FRITES  ;10539
10131;MAXI NESTEA LEMON;3.000000;GRAMME;CO2;10222
10132;MEDIUM NESTEA LEMON;3.000000;GRAMME;CO2;10222
10125;SUPER RIBS;20.000000;GRAMME;SAU.BBQ 17064901;10783
10125;SUPER RIBS;4.000000;GRAMME;OIGNONS DES;10260
10102;MAXI COKE ZERO;6.000000;GRAMME;CO2;10222
10101;MEDIUM COKE ZERO;4.200000;GRAMME;CO2;10222
10097;CHICKEN FILET;10.000000;GRAMME;[MIX ICEB/BATAVIA  ;10797
10097;CHICKEN FILET;2.000000;GRAMME;OIGNONS DES;10260
10100;SMALL COKE ZERO;3.000000;GRAMME;CO2;10222
10097;CHICKEN FILET;19.000000;GRAMME;SAU.CHICKEN SCC101;11343
10088;GIANT MAX ;30.000000;GRAMME;SAU.GIANT SHM328;11349
10089;BACON MAX;20.000000;GRAMME;SAU.BACON SATO148;11342
10051;SOFTY CHOCO;5.000000;GRAMME;TOPPING NOIS.CARAM;11260
10096;SOFTY CARAMEL;15.000000;GRAMME;NAP.SQZ CARAMEL 2014;11265
10096;SOFTY CARAMEL;5.000000;GRAMME;TOPPING NOIS.CARAM;11260
10088;GIANT MAX ;4.000000;GRAMME;OIGNONS DES;10260
10088;GIANT MAX ;15.000000;GRAMME;SCAROLE;10284
10064;MIX MANIA LION ;20.000000;GRAMME;NAP.SQZ CARAMEL 2014;11265
10064;MIX MANIA LION ;10.000000;GRAMME;TOPPING LION 2015;11461
10060;MIX MANIA SMARTIES;20.000000;GRAMME;NAP.SQZ CHOCO 2014;11263
10060;MIX MANIA SMARTIES;20.000000;GRAMME;[TOPPING SMARTIES;10226
10051;SOFTY CHOCO;15.000000;GRAMME;NAP.SQZ CHOCO 2014;11263
10046;MAXI FRITE;246.000000;GRAMME;FRITES  ;10539
10050;SOFTY FRAISE-AARD;5.000000;GRAMME;TOPPING NOIS.CARAM;11260
10050;SOFTY FRAISE-AARD;15.000000;GRAMME;NAP.SQZ FRAISE 2014;11264
10044;SMALL FRITE;124.000000;GRAMME;FRITES  ;10539
10045;MEDIUM FRITE;184.000000;GRAMME;FRITES  ;10539
10023;SMALL COKE;3.000000;GRAMME;CO2;10222
10043;KING FISH;10.000000;GRAMME;SCAROLE;10284
10043;KING FISH;19.000000;GRAMME;SAU.TARTARE STA185;11344
10032;SMALL SPRITE;3.000000;GRAMME;CO2;10222
10035;CAFE;2.400000;GRAMME;[CAFE ORIGINAL DE;10206
10038;CAPUCCINO;1.900000;GRAMME;[CAFE ORIGINAL DE;10206
10038;CAPUCCINO;8.000000;GRAMME;[LAIT ENTIER DE;10278
10038;CAPUCCINO;6.000000;GRAMME;[CACAO MIX NESTLE;10062
10039;EXPRESSO;1.200000;GRAMME;[CAFE ORIGINAL DE;10206
10031;MEDIUM SPRITE;4.200000;GRAMME;CO2;10222
10030;MAXI SPRITE;6.000000;GRAMME;CO2;10222
10029;SMALL FANTA;3.000000;GRAMME;CO2;10222
10028;MEDIUM FANTA;4.200000;GRAMME;CO2;10222
10027;MAXI FANTA;6.000000;GRAMME;CO2;10222
10026;SMALL COKE LIGHT;3.000000;GRAMME;CO2;10222
10025;MEDIUM COKE LIGHT;4.200000;GRAMME;CO2;10222
10024;MAXI COKE LIGHT;6.000000;GRAMME;CO2;10222
10017;CHEESEBURGER;10.000000;GRAMME;KETCHUP BIB HEINZ;10066
10017;CHEESEBURGER;2.000000;GRAMME;OIGNONS DES;10260
10021;MAXI COKE;6.000000;GRAMME;CO2;10222
10022;MEDIUM COKE;4.200000;GRAMME;CO2;10222
10020;QUICK N TOAST ;20.000000;GRAMME;SAU.CHICKEN SCC101;11343
10018;HAMBURGER;1.500000;GRAMME;SAU.MOUTARDE;10246
10018;HAMBURGER;10.000000;GRAMME;KETCHUP BIB HEINZ;10066
10018;HAMBURGER;2.000000;GRAMME;OIGNONS DES;10260
10017;CHEESEBURGER;1.500000;GRAMME;SAU.MOUTARDE;10246
10014;GIANT;20.000000;GRAMME;SAU.GIANT SHM328;11349
10014;GIANT;15.000000;GRAMME;SCAROLE;10284
10014;GIANT;2.000000;GRAMME;OIGNONS DES;10260
10015;CHICK. DIPS/4;4.024000;CENTILITRE;HUILE CARGILL;11035
10013;CHICKEN DIPS/10;12.072000;CENTILITRE;HUILE CARGILL;11035
10016;CHICKEN WINGS;7.394100;CENTILITRE;HUILE CARGILL;11035
10023;SMALL COKE;4.032300;CENTILITRE;COKE 10L CY;10225
10022;MEDIUM COKE;5.645200;CENTILITRE;COKE 10L CY;10225
10021;MAXI COKE;8.064500;CENTILITRE;COKE 10L CY;10225
10025;MEDIUM COKE LIGHT;5.645200;CENTILITRE;COKE LG 10L CY;10111
10024;MAXI COKE LIGHT;8.064500;CENTILITRE;COKE LG 10L CY;10111
10026;SMALL COKE LIGHT;4.032300;CENTILITRE;COKE LG 10L CY;10111
10027;MAXI FANTA;9.615400;CENTILITRE;FANTA 10L CY;10112
10028;MEDIUM FANTA;6.730800;CENTILITRE;FANTA 10L CY;10112
10029;SMALL FANTA;4.807700;CENTILITRE;FANTA 10L CY;10112
10030;MAXI SPRITE;8.064500;CENTILITRE;SPRITE 10L CY;10113
10031;MEDIUM SPRITE;5.645200;CENTILITRE;SPRITE 10L CY;10113
10032;SMALL SPRITE;4.032300;CENTILITRE;SPRITE 10L CY;10113
10040;SOFTY ENFANT;7.500000;CENTILITRE;MIX SOFTY 5%;10261
10044;SMALL FRITE;0.866100;CENTILITRE;HUILE CARGILL;11035
10043;KING FISH;3.420400;CENTILITRE;HUILE CARGILL;11035
10045;MEDIUM FRITE;1.285700;CENTILITRE;HUILE CARGILL;11035
10046;MAXI FRITE;1.721400;CENTILITRE;HUILE CARGILL;11035
10047;SHK MED FRA-AARD ;14.890000;CENTILITRE;MIX SHAKE 2014;11229
10050;SOFTY FRAISE-AARD;10.000000;CENTILITRE;MIX SOFTY 5%;10261
10048;SHK MED VANILLE;2.300000;CENTILITRE;SIROP SHK VANILLE 2L;11232
10047;SHK MED FRA-AARD ;2.300000;CENTILITRE;SIROP 1L SHK FRA 14 ;11353
10048;SHK MED VANILLE;14.890000;CENTILITRE;MIX SHAKE 2014;11229
10056;SHK MAXI VANILLE  ;4.600000;CENTILITRE;SIROP SHK VANILLE 2L;11232
10056;SHK MAXI VANILLE  ;29.780000;CENTILITRE;MIX SHAKE 2014;11229
10057;CHICKEN DIPS/7;7.042000;CENTILITRE;HUILE CARGILL;11035
10051;SOFTY CHOCO;10.000000;CENTILITRE;MIX SOFTY 5%;10261
10054;SHK MAXI FRA-AARD ;29.780000;CENTILITRE;MIX SHAKE 2014;11229
10054;SHK MAXI FRA-AARD ;4.600000;CENTILITRE;SIROP 1L SHK FRA 14 ;11353
10060;MIX MANIA SMARTIES;13.500000;CENTILITRE;MIX SOFTY 5%;10261
10063;CHURROS /5;0.630000;CENTILITRE;HUILE CARGILL;11035
10066;CHEESY BALLS/6;3.020000;CENTILITRE;HUILE CARGILL;11035
10064;MIX MANIA LION ;13.500000;CENTILITRE;MIX SOFTY 5%;10261
10096;SOFTY CARAMEL;10.000000;CENTILITRE;MIX SOFTY 5%;10261
10097;CHICKEN FILET;1.500000;CENTILITRE;HUILE CARGILL;11035
10100;SMALL COKE ZERO;2.840000;CENTILITRE;COKE ZERO 5L CY;10199
10101;MEDIUM COKE ZERO;3.980000;CENTILITRE;COKE ZERO 5L CY;10199
10102;MAXI COKE ZERO;5.680000;CENTILITRE;COKE ZERO 5L CY;10199
10109;CHEESY BALLS/20;10.600000;CENTILITRE;HUILE CARGILL;11035
10105;BASE BDY CPL 8 ANS;0.866100;CENTILITRE;HUILE CARGILL;11035
10104;BASE BDY CPL 5 ANS;0.866100;CENTILITRE;HUILE CARGILL;11035
10133;SMALL NESTEA LEMON;4.629000;CENTILITRE;NESTEA LEMON SPARK;10791
10132;MEDIUM NESTEA LEMON;6.629000;CENTILITRE;NESTEA LEMON SPARK;10791
10131;MAXI NESTEA LEMON;9.259000;CENTILITRE;NESTEA LEMON SPARK;10791
10143;SOFTY CUP;10.000000;CENTILITRE;MIX SOFTY 5%;10261
10146;SALAD CAESAR;1.500000;CENTILITRE;HUILE CARGILL;11035
10152;CHEESY LEERDAM/3 ;3.018000;CENTILITRE;HUILE CARGILL;11035
10144;MIX MANIA;15.000000;CENTILITRE;MIX SOFTY 5%;10261
10151;CHEESY LEERDAM/10;10.060000;CENTILITRE;HUILE CARGILL;11035
10162;CHEESY LVQR/6;2.867000;CENTILITRE;[HUILE LESIEUR;10309
10161;CHEESY LVQR/20;9.557000;CENTILITRE;[HUILE LESIEUR;10309
10170;CHEESY DONUTS X3;3.319800;CENTILITRE;HUILE CARGILL;11035
10171;CHEESY DONUTS X8;8.852800;CENTILITRE;HUILE CARGILL;11035
10176;GIANT FISH;3.420000;CENTILITRE;HUILE CARGILL;11035
10177;GIANT CHICKEN;1.500000;CENTILITRE;HUILE CARGILL;11035
10178;GIANT MITRAILLETTE;0.266000;CENTILITRE;HUILE CARGILL;11035
10179;CRISPY BACON BEEF;0.287000;CENTILITRE;HUILE CARGILL;11035
10180;CRISPY BACON CHICKEN;2.187000;CENTILITRE;HUILE CARGILL;11035
10183;SHK MED TIRAMISU;15.268000;CENTILITRE;MIX SHAKE 2014;11229
10182;SHK MAXI TIRAMISU;30.536000;CENTILITRE;MIX SHAKE 2014;11229
10182;SHK MAXI TIRAMISU;3.450000;CENTILITRE;[SIROP SHK TIRAMISU ;11136
10183;SHK MED TIRAMISU;1.725000;CENTILITRE;[SIROP SHK TIRAMISU ;11136
10185;MERRY SAMOURAÏ;2.400000;CENTILITRE;HUILE CARGILL;11035
10189;CRISPY CHEESY/20;10.060000;CENTILITRE;HUILE CARGILL;11035
10187;CRISPY CHEESY/6;3.018000;CENTILITRE;HUILE CARGILL;11035
10193;SHK MAXI CARAMEL;29.780000;CENTILITRE;MIX SHAKE 2014;11229
10193;SHK MAXI CARAMEL;4.600000;CENTILITRE;SIROP 1L SHK CARA 14;11354
10192;SHK MAXI BANANE;29.780000;CENTILITRE;MIX SHAKE 2014;11229
10192;SHK MAXI BANANE;4.600000;CENTILITRE;SIROP 1L SHK BAN 14;11355
10195;SHK MED CARAMEL;2.300000;CENTILITRE;SIROP 1L SHK CARA 14;11354
10195;SHK MED CARAMEL;14.890000;CENTILITRE;MIX SHAKE 2014;11229
10194;SHK MED BANANE;14.890000;CENTILITRE;MIX SHAKE 2014;11229
10194;SHK MED BANANE;2.300000;CENTILITRE;SIROP 1L SHK BAN 14;11355
10197;HOT CHICKEN;1.900000;CENTILITRE;HUILE CARGILL;11035
10198;MIX MANIA TWIX;13.500000;CENTILITRE;MIX SOFTY 5%;10261
10199;MIX MANIA SPECULOOS;13.500000;CENTILITRE;MIX SOFTY 5%;10261
10201;GIANT MAX CHICKEN;2.300000;CENTILITRE;HUILE CARGILL;11035
10209;CHURROS /10;1.400000;CENTILITRE;HUILE CARGILL;11035
10207;PEPPER CRAZY;2.400000;CENTILITRE;HUILE CARGILL;11035
10223;CAPPUCCINO LZ;15.000000;CENTILITRE;LAIT DEMI ECREME ;11397
10225;LATTE CARAMEL LZ;20.000000;CENTILITRE;LAIT DEMI ECREME ;11397
10225;LATTE CARAMEL LZ;2.200000;CENTILITRE;SIROP 1L CAFE-CAR;11680
10222;CHOCOLAT LZ;5.300000;CENTILITRE;LAIT DEMI ECREME ;11397
10233;QNC BEEF;0.300000;CENTILITRE;HUILE CARGILL;11035
10226;LATTE LZ;20.000000;CENTILITRE;LAIT DEMI ECREME ;11397
10228;MOCCHA LZ;6.500000;CENTILITRE;LAIT DEMI ECREME ;11397
10229;LATTE VANILLE LZ;2.200000;CENTILITRE;SIROP 1L CAFE-VAN;11679
10229;LATTE VANILLE LZ;20.000000;CENTILITRE;LAIT DEMI ECREME ;11397
10234;QNC CHICKEN;2.600000;CENTILITRE;HUILE CARGILL;11035
10237;CH.SAMOURAI MAX;2.400000;CENTILITRE;HUILE CARGILL;11035
10236;BROWNIE DEL'ICE;6.500000;CENTILITRE;MIX SOFTY 5%;10261
10239;CHEESY TRIO 6 PCS;3.018000;CENTILITRE;HUILE CARGILL;11035
10238;CHEESY TRIO 20 PCS;10.060000;CENTILITRE;HUILE CARGILL;11035
10240;CRUMBLE DEL'ICE;6.700000;CENTILITRE;MIX SOFTY 5%;10261
10242;WRAP BAC/ONION;1.760000;CENTILITRE;HUILE CARGILL;11035
10244;WRAP VEGGIE;2.510000;CENTILITRE;HUILE CARGILL;11035
10247;SHK MED PEACH;1.725000;CENTILITRE;[SIROP 1L SHK PEACH;11575
10247;SHK MED PEACH;14.890000;CENTILITRE;MIX SHAKE 2014;11229
10246;SHK MAXI PEACH;3.450000;CENTILITRE;[SIROP 1L SHK PEACH;11575
10246;SHK MAXI PEACH;29.780000;CENTILITRE;MIX SHAKE 2014;11229
10245;PARTY BOX;19.466000;CENTILITRE;HUILE CARGILL;11035
10252;PASTA BC CKN HOT;1.500000;CENTILITRE;HUILE CARGILL;11035
10249;CHE PECAN CHKN HOT;1.500000;CENTILITRE;HUILE CARGILL;11035
10254;CHEESY PHILADEL/20 ;10.864800;CENTILITRE;HUILE CARGILL;11035
10255;CHEESY PHILADELPHI/6;3.259400;CENTILITRE;HUILE CARGILL;11035
10258;FN DIPS3;3.168900;CENTILITRE;HUILE CARGILL;11035
10259;FN DIPS7;7.394100;CENTILITRE;HUILE CARGILL;11035
10256;CRUMBLE FRAISE;6.700000;CENTILITRE;MIX SOFTY 5%;10261
10263;CHEESY TRIO WINT/20;10.060000;CENTILITRE;HUILE CARGILL;11035
10264;CHEESY TRIO WINTER/6;3.018000;CENTILITRE;HUILE CARGILL;11035
10269;MIX MANIA SNICKERS;13.500000;CENTILITRE;MIX SOFTY 5%;10261
10270;MIX MANIA M&M;13.500000;CENTILITRE;MIX SOFTY 5%;10261
10272;SUPREME CKN 16;2.500000;CENTILITRE;HUILE CARGILL;11035
10275;CHICKEN TOMATO ONION;2.500000;CENTILITRE;HUILE CARGILL;11035
10276;PARTY BOX WINGS DEL;20.480000;CENTILITRE;HUILE CARGILL;11035
10278;PARTYBOX 20 FND DEL;21.130000;CENTILITRE;HUILE CARGILL;11035
10277;PARTYBOX 20 DIPS DEL;19.110000;CENTILITRE;HUILE CARGILL;11035
10279;WRAP GIANT CKN ;1.400000;CENTILITRE;HUILE CARGILL;11035
10280;JUNIOR WRAP;0.700000;CENTILITRE;HUILE CARGILL;11035
10281;SHK MAXI MANGO;29.780000;CENTILITRE;MIX SHAKE 2014;11229
10281;SHK MAXI MANGO;4.600000;CENTILITRE;SIROP 1L SHK MANGO;11870
10284;DAME BLANCHE CHOCO;13.500000;CENTILITRE;MIX SOFTY 5%;10261
10282;SHK MED MANGO;2.300000;CENTILITRE;SIROP 1L SHK MANGO;11870
10282;SHK MED MANGO;14.890000;CENTILITRE;MIX SHAKE 2014;11229
10283;DAME BLANCHE CARAMEL;13.500000;CENTILITRE;MIX SOFTY 5%;10261
10285;DAME BLANCHE FRAISE;13.500000;CENTILITRE;MIX SOFTY 5%;10261
10289;CHICKEN FILET 16;1.500000;CENTILITRE;HUILE CARGILL;11035
10287;ITALIAN SALAD HOT;1.500000;CENTILITRE;HUILE CARGILL;11035
10292;SPICY CHEESY /20;10.060000;CENTILITRE;HUILE CARGILL;11035
10293;SPICY CHEESY /6;3.018000;CENTILITRE;HUILE CARGILL;11035
